DATE,DGS2
25/09/2000,6.11
26/09/2000,6.07
27/09/2000,6
28/09/2000,6.02
29/09/2000,5.98
2/10/2000,5.98
3/10/2000,6
4/10/2000,6.03
5/10/2000,6.02
6/10/2000,5.98
9/10/2000,.
10/10/2000,5.98
11/10/2000,5.93
12/10/2000,5.86
13/10/2000,5.84
16/10/2000,5.89
17/10/2000,5.83
18/10/2000,5.82
19/10/2000,5.86
20/10/2000,5.84
23/10/2000,5.82
24/10/2000,5.86
25/10/2000,5.87
26/10/2000,5.9
27/10/2000,5.94
30/10/2000,5.97
31/10/2000,5.94
1/11/2000,5.88
2/11/2000,5.87
3/11/2000,5.94
6/11/2000,5.99
7/11/2000,5.99
8/11/2000,5.99
9/11/2000,5.94
10/11/2000,5.92
13/11/2000,5.9
14/11/2000,5.92
15/11/2000,5.9
16/11/2000,5.87
17/11/2000,5.88
20/11/2000,5.87
21/11/2000,5.86
22/11/2000,5.85
23/11/2000,.
24/11/2000,5.86
27/11/2000,5.86
28/11/2000,5.79
29/11/2000,5.69
30/11/2000,5.61
1/12/2000,5.62
4/12/2000,5.59
5/12/2000,5.49
6/12/2000,5.42
7/12/2000,5.45
8/12/2000,5.5
11/12/2000,5.52
12/12/2000,5.54
13/12/2000,5.45
14/12/2000,5.43
15/12/2000,5.38
18/12/2000,5.33
19/12/2000,5.35
20/12/2000,5.24
21/12/2000,5.14
22/12/2000,5.1
25/12/2000,.
26/12/2000,5.1
27/12/2000,5.1
28/12/2000,5.18
29/12/2000,5.11
1/01/2001,.
2/01/2001,4.87
3/01/2001,4.92
4/01/2001,4.77
5/01/2001,4.56
8/01/2001,4.54
9/01/2001,4.64
10/01/2001,4.76
11/01/2001,4.77
12/01/2001,4.9
15/01/2001,.
16/01/2001,4.89
17/01/2001,4.84
18/01/2001,4.72
19/01/2001,4.75
22/01/2001,4.75
23/01/2001,4.82
24/01/2001,4.81
25/01/2001,4.78
26/01/2001,4.78
29/01/2001,4.77
30/01/2001,4.7
31/01/2001,4.62
1/02/2001,4.55
2/02/2001,4.65
5/02/2001,4.68
6/02/2001,4.72
7/02/2001,4.7
8/02/2001,4.73
9/02/2001,4.67
12/02/2001,4.67
13/02/2001,4.75
14/02/2001,4.84
15/02/2001,4.89
16/02/2001,4.75
19/02/2001,.
20/02/2001,4.73
21/02/2001,4.68
22/02/2001,4.63
23/02/2001,4.53
26/02/2001,4.46
27/02/2001,4.44
28/02/2001,4.41
1/03/2001,4.41
2/03/2001,4.48
5/03/2001,4.49
6/03/2001,4.49
7/03/2001,4.43
8/03/2001,4.43
9/03/2001,4.47
12/03/2001,4.46
13/03/2001,4.46
14/03/2001,4.32
15/03/2001,4.22
16/03/2001,4.26
19/03/2001,4.32
20/03/2001,4.24
21/03/2001,4.21
22/03/2001,4.17
23/03/2001,4.24
26/03/2001,4.27
27/03/2001,4.41
28/03/2001,4.3
29/03/2001,4.27
30/03/2001,4.18
2/04/2001,4.22
3/04/2001,4.15
4/04/2001,4.12
5/04/2001,4.19
6/04/2001,4.07
9/04/2001,4.1
10/04/2001,4.24
11/04/2001,4.29
12/04/2001,4.36
13/04/2001,.
16/04/2001,4.49
17/04/2001,4.41
18/04/2001,4.26
19/04/2001,4.29
20/04/2001,4.26
23/04/2001,4.15
24/04/2001,4.16
25/04/2001,4.2
26/04/2001,4.14
27/04/2001,4.28
30/04/2001,4.3
1/05/2001,4.23
2/05/2001,4.27
3/05/2001,4.22
4/05/2001,4.14
7/05/2001,4.12
8/05/2001,4.1
9/05/2001,4.07
10/05/2001,4.17
11/05/2001,4.36
14/05/2001,4.29
15/05/2001,4.28
16/05/2001,4.25
17/05/2001,4.33
18/05/2001,4.37
21/05/2001,4.37
22/05/2001,4.34
23/05/2001,4.29
24/05/2001,4.32
25/05/2001,4.31
28/05/2001,.
29/05/2001,4.33
30/05/2001,4.34
31/05/2001,4.22
1/06/2001,4.22
4/06/2001,4.19
5/06/2001,4.12
6/06/2001,4.12
7/06/2001,4.14
8/06/2001,4.17
11/06/2001,4.11
12/06/2001,4.09
13/06/2001,4.08
14/06/2001,4.04
15/06/2001,4.01
18/06/2001,3.98
19/06/2001,3.99
20/06/2001,3.98
21/06/2001,3.99
22/06/2001,3.93
25/06/2001,3.96
26/06/2001,4.03
27/06/2001,4.06
28/06/2001,4.22
29/06/2001,4.25
2/07/2001,4.21
3/07/2001,4.24
4/07/2001,.
5/07/2001,4.24
6/07/2001,4.16
9/07/2001,4.15
10/07/2001,4.08
11/07/2001,4.07
12/07/2001,4.07
13/07/2001,4.12
16/07/2001,4.07
17/07/2001,4.09
18/07/2001,3.96
19/07/2001,3.98
20/07/2001,3.98
23/07/2001,3.98
24/07/2001,3.97
25/07/2001,3.98
26/07/2001,3.94
27/07/2001,3.87
30/07/2001,3.86
31/07/2001,3.79
1/08/2001,3.83
2/08/2001,3.89
3/08/2001,3.91
6/08/2001,3.88
7/08/2001,3.9
8/08/2001,3.77
9/08/2001,3.77
10/08/2001,3.73
13/08/2001,3.7
14/08/2001,3.74
15/08/2001,3.8
16/08/2001,3.75
17/08/2001,3.67
20/08/2001,3.74
21/08/2001,3.69
22/08/2001,3.76
23/08/2001,3.72
24/08/2001,3.76
27/08/2001,3.78
28/08/2001,3.71
29/08/2001,3.67
30/08/2001,3.61
31/08/2001,3.64
3/09/2001,.
4/09/2001,3.83
5/09/2001,3.79
6/09/2001,3.65
7/09/2001,3.53
10/09/2001,3.53
11/09/2001,.
12/09/2001,.
13/09/2001,2.99
14/09/2001,2.87
17/09/2001,2.96
18/09/2001,2.96
19/09/2001,2.81
20/09/2001,2.91
21/09/2001,2.91
24/09/2001,2.94
25/09/2001,2.88
26/09/2001,2.82
27/09/2001,2.78
28/09/2001,2.86
1/10/2001,2.82
2/10/2001,2.77
3/10/2001,2.77
4/10/2001,2.75
5/10/2001,2.71
8/10/2001,.
9/10/2001,2.74
10/10/2001,2.78
11/10/2001,2.88
12/10/2001,2.81
15/10/2001,2.78
16/10/2001,2.77
17/10/2001,2.8
18/10/2001,2.77
19/10/2001,2.77
22/10/2001,2.79
23/10/2001,2.81
24/10/2001,2.72
25/10/2001,2.63
26/10/2001,2.63
29/10/2001,2.55
30/10/2001,2.48
31/10/2001,2.44
1/11/2001,2.49
2/11/2001,2.48
5/11/2001,2.46
6/11/2001,2.37
7/11/2001,2.32
8/11/2001,2.42
9/11/2001,2.45
12/11/2001,.
13/11/2001,2.54
14/11/2001,2.7
15/11/2001,2.98
16/11/2001,3.09
19/11/2001,2.92
20/11/2001,2.96
21/11/2001,3.11
22/11/2001,.
23/11/2001,3.2
26/11/2001,3.22
27/11/2001,3.11
28/11/2001,3.12
29/11/2001,2.87
30/11/2001,2.84
3/12/2001,2.82
4/12/2001,2.81
5/12/2001,3.07
6/12/2001,3.19
7/12/2001,3.19
10/12/2001,3.1
11/12/2001,3.03
12/12/2001,2.97
13/12/2001,3.09
14/12/2001,3.2
17/12/2001,3.21
18/12/2001,3.13
19/12/2001,3.11
20/12/2001,3.15
21/12/2001,3.17
24/12/2001,3.22
25/12/2001,.
26/12/2001,3.26
27/12/2001,3.19
28/12/2001,3.16
31/12/2001,3.07
1/01/2002,.
2/01/2002,3.22
3/01/2002,3.19
4/01/2002,3.19
7/01/2002,3.08
8/01/2002,3.07
9/01/2002,3.03
10/01/2002,2.94
11/01/2002,2.76
14/01/2002,2.79
15/01/2002,2.79
16/01/2002,2.84
17/01/2002,2.96
18/01/2002,2.91
21/01/2002,.
22/01/2002,2.97
23/01/2002,3.07
24/01/2002,3.15
25/01/2002,3.17
28/01/2002,3.19
29/01/2002,3.05
30/01/2002,3.06
31/01/2002,3.16
1/02/2002,3.08
4/02/2002,2.99
5/02/2002,2.99
6/02/2002,2.98
7/02/2002,2.99
8/02/2002,2.95
11/02/2002,2.95
12/02/2002,3.04
13/02/2002,3.09
14/02/2002,3.07
15/02/2002,2.97
18/02/2002,.
19/02/2002,2.98
20/02/2002,3
21/02/2002,3
22/02/2002,2.97
25/02/2002,3.01
26/02/2002,3.08
27/02/2002,3.09
28/02/2002,3.06
1/03/2002,3.18
4/03/2002,3.24
5/03/2002,3.25
6/03/2002,3.26
7/03/2002,3.36
8/03/2002,3.6
11/03/2002,3.59
12/03/2002,3.56
13/03/2002,3.49
14/03/2002,3.63
15/03/2002,3.63
18/03/2002,3.67
19/03/2002,3.64
20/03/2002,3.71
21/03/2002,3.73
22/03/2002,3.77
25/03/2002,3.78
26/03/2002,3.68
27/03/2002,3.66
28/03/2002,3.72
29/03/2002,.
1/04/2002,3.74
2/04/2002,3.63
3/04/2002,3.55
4/04/2002,3.57
5/04/2002,3.49
8/04/2002,3.51
9/04/2002,3.48
10/04/2002,3.48
11/04/2002,3.47
12/04/2002,3.41
15/04/2002,3.38
16/04/2002,3.43
17/04/2002,3.41
18/04/2002,3.38
19/04/2002,3.36
22/04/2002,3.37
23/04/2002,3.39
24/04/2002,3.28
25/04/2002,3.25
26/04/2002,3.22
29/04/2002,3.26
30/04/2002,3.24
1/05/2002,3.21
2/05/2002,3.25
3/05/2002,3.17
6/05/2002,3.19
7/05/2002,3.14
8/05/2002,3.32
9/05/2002,3.27
10/05/2002,3.19
13/05/2002,3.28
14/05/2002,3.4
15/05/2002,3.37
16/05/2002,3.28
17/05/2002,3.41
20/05/2002,3.33
21/05/2002,3.28
22/05/2002,3.23
23/05/2002,3.28
24/05/2002,3.28
27/05/2002,.
28/05/2002,3.3
29/05/2002,3.24
30/05/2002,3.17
31/05/2002,3.22
3/06/2002,3.19
4/06/2002,3.13
5/06/2002,3.16
6/06/2002,3.13
7/06/2002,3.16
10/06/2002,3.15
11/06/2002,3.09
12/06/2002,3.05
13/06/2002,3
14/06/2002,2.92
17/06/2002,2.96
18/06/2002,2.93
19/06/2002,2.81
20/06/2002,2.93
21/06/2002,2.88
24/06/2002,2.93
25/06/2002,2.92
26/06/2002,2.77
27/06/2002,2.85
28/06/2002,2.9
1/07/2002,2.88
2/07/2002,2.78
3/07/2002,2.78
4/07/2002,.
5/07/2002,2.9
8/07/2002,2.84
9/07/2002,2.74
10/07/2002,2.61
11/07/2002,2.61
12/07/2002,2.56
15/07/2002,2.55
16/07/2002,2.66
17/07/2002,2.63
18/07/2002,2.55
19/07/2002,2.48
22/07/2002,2.4
23/07/2002,2.34
24/07/2002,2.38
25/07/2002,2.28
26/07/2002,2.2
29/07/2002,2.41
30/07/2002,2.44
31/07/2002,2.23
1/08/2002,2.15
2/08/2002,1.99
5/08/2002,1.93
6/08/2002,2.11
7/08/2002,1.98
8/08/2002,2.1
9/08/2002,2.1
12/08/2002,2.1
13/08/2002,2
14/08/2002,2.12
15/08/2002,2.22
16/08/2002,2.28
19/08/2002,2.25
20/08/2002,2.12
21/08/2002,2.12
22/08/2002,2.22
23/08/2002,2.19
26/08/2002,2.19
27/08/2002,2.26
28/08/2002,2.23
29/08/2002,2.14
30/08/2002,2.14
2/09/2002,.
3/09/2002,2.01
4/09/2002,2.02
5/09/2002,1.95
6/09/2002,2.08
9/09/2002,2.13
10/09/2002,2.12
11/09/2002,2.18
12/09/2002,2.12
13/09/2002,2.07
16/09/2002,2.07
17/09/2002,2.06
18/09/2002,2.04
19/09/2002,1.93
20/09/2002,1.94
23/09/2002,1.93
24/09/2002,1.93
25/09/2002,2
26/09/2002,1.97
27/09/2002,1.82
30/09/2002,1.72
1/10/2002,1.8
2/10/2002,1.75
3/10/2002,1.75
4/10/2002,1.78
7/10/2002,1.77
8/10/2002,1.8
9/10/2002,1.72
10/10/2002,1.75
11/10/2002,1.85
14/10/2002,.
15/10/2002,2.08
16/10/2002,2.02
17/10/2002,2.1
18/10/2002,2.09
21/10/2002,2.23
22/10/2002,2.21
23/10/2002,2.2
24/10/2002,2.09
25/10/2002,1.98
28/10/2002,1.88
29/10/2002,1.79
30/10/2002,1.74
31/10/2002,1.68
1/11/2002,1.76
4/11/2002,1.79
5/11/2002,1.82
6/11/2002,1.87
7/11/2002,1.86
8/11/2002,1.87
11/11/2002,.
12/11/2002,1.79
13/11/2002,1.76
14/11/2002,1.89
15/11/2002,1.91
18/11/2002,1.91
19/11/2002,1.91
20/11/2002,1.98
21/11/2002,2.05
22/11/2002,2.1
25/11/2002,2.09
26/11/2002,1.97
27/11/2002,2.13
28/11/2002,.
29/11/2002,2.08
2/12/2002,2.07
3/12/2002,2.08
4/12/2002,2.02
5/12/2002,1.97
6/12/2002,1.89
9/12/2002,1.88
10/12/2002,1.9
11/12/2002,1.85
12/12/2002,1.85
13/12/2002,1.87
16/12/2002,1.94
17/12/2002,1.89
18/12/2002,1.81
19/12/2002,1.74
20/12/2002,1.76
23/12/2002,1.79
24/12/2002,1.73
25/12/2002,.
26/12/2002,1.7
27/12/2002,1.6
30/12/2002,1.61
31/12/2002,1.61
1/01/2003,.
2/01/2003,1.8
3/01/2003,1.79
6/01/2003,1.84
7/01/2003,1.77
8/01/2003,1.71
9/01/2003,1.87
10/01/2003,1.79
13/01/2003,1.81
14/01/2003,1.76
15/01/2003,1.75
16/01/2003,1.75
17/01/2003,1.7
20/01/2003,.
21/01/2003,1.67
22/01/2003,1.66
23/01/2003,1.69
24/01/2003,1.66
27/01/2003,1.7
28/01/2003,1.7
29/01/2003,1.77
30/01/2003,1.7
31/01/2003,1.72
3/02/2003,1.72
4/02/2003,1.68
5/02/2003,1.73
6/02/2003,1.68
7/02/2003,1.63
10/02/2003,1.68
11/02/2003,1.65
12/02/2003,1.62
13/02/2003,1.57
14/02/2003,1.62
17/02/2003,.
18/02/2003,1.66
19/02/2003,1.61
20/02/2003,1.59
21/02/2003,1.63
24/02/2003,1.6
25/02/2003,1.58
26/02/2003,1.57
27/02/2003,1.58
28/02/2003,1.53
3/03/2003,1.52
4/03/2003,1.49
5/03/2003,1.46
6/03/2003,1.47
7/03/2003,1.39
10/03/2003,1.35
11/03/2003,1.38
12/03/2003,1.45
13/03/2003,1.59
14/03/2003,1.56
17/03/2003,1.63
18/03/2003,1.72
19/03/2003,1.72
20/03/2003,1.75
21/03/2003,1.8
24/03/2003,1.71
25/03/2003,1.69
26/03/2003,1.68
27/03/2003,1.62
28/03/2003,1.56
31/03/2003,1.51
1/04/2003,1.5
2/04/2003,1.6
3/04/2003,1.55
4/04/2003,1.55
7/04/2003,1.65
8/04/2003,1.59
9/04/2003,1.55
10/04/2003,1.6
11/04/2003,1.65
14/04/2003,1.74
15/04/2003,1.69
16/04/2003,1.67
17/04/2003,1.71
18/04/2003,.
21/04/2003,1.71
22/04/2003,1.7
23/04/2003,1.7
24/04/2003,1.62
25/04/2003,1.57
28/04/2003,1.59
29/04/2003,1.62
30/04/2003,1.51
1/05/2003,1.5
2/05/2003,1.56
5/05/2003,1.55
6/05/2003,1.45
7/05/2003,1.45
8/05/2003,1.49
9/05/2003,1.45
12/05/2003,1.46
13/05/2003,1.47
14/05/2003,1.41
15/05/2003,1.46
16/05/2003,1.38
19/05/2003,1.35
20/05/2003,1.31
21/05/2003,1.38
22/05/2003,1.36
23/05/2003,1.38
26/05/2003,.
27/05/2003,1.33
28/05/2003,1.35
29/05/2003,1.3
30/05/2003,1.33
2/06/2003,1.33
3/06/2003,1.2
4/06/2003,1.2
5/06/2003,1.25
6/06/2003,1.27
9/06/2003,1.19
10/06/2003,1.13
11/06/2003,1.16
12/06/2003,1.13
13/06/2003,1.1
16/06/2003,1.18
17/06/2003,1.25
18/06/2003,1.27
19/06/2003,1.17
20/06/2003,1.22
23/06/2003,1.17
24/06/2003,1.14
25/06/2003,1.3
26/06/2003,1.41
27/06/2003,1.38
30/06/2003,1.32
1/07/2003,1.3
2/07/2003,1.3
3/07/2003,1.32
4/07/2003,.
7/07/2003,1.36
8/07/2003,1.39
9/07/2003,1.37
10/07/2003,1.33
11/07/2003,1.29
14/07/2003,1.35
15/07/2003,1.45
16/07/2003,1.49
17/07/2003,1.47
18/07/2003,1.51
21/07/2003,1.61
22/07/2003,1.57
23/07/2003,1.54
24/07/2003,1.54
25/07/2003,1.52
28/07/2003,1.61
29/07/2003,1.67
30/07/2003,1.64
31/07/2003,1.8
1/08/2003,1.85
4/08/2003,1.71
5/08/2003,1.88
6/08/2003,1.78
7/08/2003,1.74
8/08/2003,1.72
11/08/2003,1.81
12/08/2003,1.71
13/08/2003,1.86
14/08/2003,1.86
15/08/2003,1.85
18/08/2003,1.87
19/08/2003,1.81
20/08/2003,1.84
21/08/2003,1.98
22/08/2003,1.97
25/08/2003,2.02
26/08/2003,1.96
27/08/2003,2.05
28/08/2003,1.93
29/08/2003,1.95
1/09/2003,.
2/09/2003,2.04
3/09/2003,2.02
4/09/2003,1.91
5/09/2003,1.72
8/09/2003,1.75
9/09/2003,1.71
10/09/2003,1.64
11/09/2003,1.71
12/09/2003,1.66
15/09/2003,1.63
16/09/2003,1.63
17/09/2003,1.63
18/09/2003,1.68
19/09/2003,1.7
22/09/2003,1.7
23/09/2003,1.68
24/09/2003,1.66
25/09/2003,1.65
26/09/2003,1.6
29/09/2003,1.61
30/09/2003,1.5
1/10/2003,1.47
2/10/2003,1.48
3/10/2003,1.65
6/10/2003,1.6
7/10/2003,1.67
8/10/2003,1.65
9/10/2003,1.69
10/10/2003,1.65
13/10/2003,.
14/10/2003,1.73
15/10/2003,1.79
16/10/2003,1.96
17/10/2003,1.9
20/10/2003,1.88
21/10/2003,1.89
22/10/2003,1.8
23/10/2003,1.84
24/10/2003,1.76
27/10/2003,1.83
28/10/2003,1.71
29/10/2003,1.79
30/10/2003,1.86
31/10/2003,1.85
3/11/2003,1.9
4/11/2003,1.86
5/11/2003,1.94
6/11/2003,2.01
7/11/2003,2.04
10/11/2003,2.06
11/11/2003,.
12/11/2003,2.05
13/11/2003,1.92
14/11/2003,1.84
17/11/2003,1.8
18/11/2003,1.83
19/11/2003,1.9
20/11/2003,1.83
21/11/2003,1.84
24/11/2003,1.94
25/11/2003,1.89
26/11/2003,1.97
27/11/2003,.
28/11/2003,2.06
1/12/2003,2.12
2/12/2003,2.07
3/12/2003,2.09
4/12/2003,2.06
5/12/2003,1.88
8/12/2003,1.94
9/12/2003,1.97
10/12/2003,1.94
11/12/2003,1.83
12/12/2003,1.84
15/12/2003,1.88
16/12/2003,1.83
17/12/2003,1.83
18/12/2003,1.85
19/12/2003,1.82
22/12/2003,1.84
23/12/2003,1.96
24/12/2003,1.83
25/12/2003,.
26/12/2003,1.82
29/12/2003,1.86
30/12/2003,1.86
31/12/2003,1.84
1/01/2004,.
2/01/2004,1.94
5/01/2004,1.95
6/01/2004,1.84
7/01/2004,1.84
8/01/2004,1.85
9/01/2004,1.68
12/01/2004,1.68
13/01/2004,1.63
14/01/2004,1.65
15/01/2004,1.67
16/01/2004,1.7
19/01/2004,.
20/01/2004,1.69
21/01/2004,1.69
22/01/2004,1.66
23/01/2004,1.71
26/01/2004,1.75
27/01/2004,1.7
28/01/2004,1.87
29/01/2004,1.88
30/01/2004,1.84
2/02/2004,1.83
3/02/2004,1.78
4/02/2004,1.8
5/02/2004,1.85
6/02/2004,1.77
9/02/2004,1.76
10/02/2004,1.82
11/02/2004,1.73
12/02/2004,1.75
13/02/2004,1.7
16/02/2004,.
17/02/2004,1.7
18/02/2004,1.72
19/02/2004,1.7
20/02/2004,1.75
23/02/2004,1.69
24/02/2004,1.69
25/02/2004,1.67
26/02/2004,1.69
27/02/2004,1.66
1/03/2004,1.67
2/03/2004,1.74
3/03/2004,1.74
4/03/2004,1.73
5/03/2004,1.57
8/03/2004,1.52
9/03/2004,1.51
10/03/2004,1.54
11/03/2004,1.52
12/03/2004,1.54
15/03/2004,1.56
16/03/2004,1.51
17/03/2004,1.53
18/03/2004,1.55
19/03/2004,1.56
22/03/2004,1.52
23/03/2004,1.52
24/03/2004,1.5
25/03/2004,1.51
26/03/2004,1.59
29/03/2004,1.63
30/03/2004,1.63
31/03/2004,1.6
1/04/2004,1.65
2/04/2004,1.86
5/04/2004,1.91
6/04/2004,1.86
7/04/2004,1.87
8/04/2004,1.88
9/04/2004,.
12/04/2004,1.91
13/04/2004,2.01
14/04/2004,2.13
15/04/2004,2.1
16/04/2004,2.03
19/04/2004,2.07
20/04/2004,2.11
21/04/2004,2.22
22/04/2004,2.15
23/04/2004,2.29
26/04/2004,2.28
27/04/2004,2.21
28/04/2004,2.3
29/04/2004,2.34
30/04/2004,2.31
3/05/2004,2.34
4/05/2004,2.32
5/05/2004,2.34
6/05/2004,2.39
7/05/2004,2.64
10/05/2004,2.61
11/05/2004,2.61
12/05/2004,2.62
13/05/2004,2.67
14/05/2004,2.59
17/05/2004,2.51
18/05/2004,2.58
19/05/2004,2.61
20/05/2004,2.55
21/05/2004,2.6
24/05/2004,2.59
25/05/2004,2.58
26/05/2004,2.52
27/05/2004,2.46
28/05/2004,2.54
31/05/2004,.
1/06/2004,2.6
2/06/2004,2.65
3/06/2004,2.63
4/06/2004,2.7
7/06/2004,2.67
8/06/2004,2.73
9/06/2004,2.79
10/06/2004,2.81
11/06/2004,.
14/06/2004,2.97
15/06/2004,2.77
16/06/2004,2.84
17/06/2004,2.81
18/06/2004,2.81
21/06/2004,2.8
22/06/2004,2.8
23/06/2004,2.78
24/06/2004,2.74
25/06/2004,2.74
28/06/2004,2.86
29/06/2004,2.83
30/06/2004,2.7
1/07/2004,2.64
2/07/2004,2.54
5/07/2004,.
6/07/2004,2.56
7/07/2004,2.56
8/07/2004,2.55
9/07/2004,2.55
12/07/2004,2.53
13/07/2004,2.58
14/07/2004,2.62
15/07/2004,2.64
16/07/2004,2.54
19/07/2004,2.56
20/07/2004,2.67
21/07/2004,2.71
22/07/2004,2.69
23/07/2004,2.69
26/07/2004,2.75
27/07/2004,2.82
28/07/2004,2.78
29/07/2004,2.75
30/07/2004,2.68
2/08/2004,2.66
3/08/2004,2.66
4/08/2004,2.66
5/08/2004,2.64
6/08/2004,2.4
9/08/2004,2.45
10/08/2004,2.55
11/08/2004,2.54
12/08/2004,2.52
13/08/2004,2.47
16/08/2004,2.51
17/08/2004,2.44
18/08/2004,2.44
19/08/2004,2.43
20/08/2004,2.46
23/08/2004,2.5
24/08/2004,2.5
25/08/2004,2.51
26/08/2004,2.48
27/08/2004,2.48
30/08/2004,2.47
31/08/2004,2.41
1/09/2004,2.41
2/09/2004,2.46
3/09/2004,2.61
6/09/2004,.
7/09/2004,2.58
8/09/2004,2.5
9/09/2004,2.5
10/09/2004,2.5
13/09/2004,2.5
14/09/2004,2.47
15/09/2004,2.51
16/09/2004,2.44
17/09/2004,2.53
20/09/2004,2.46
21/09/2004,2.49
22/09/2004,2.5
23/09/2004,2.57
24/09/2004,2.62
27/09/2004,2.59
28/09/2004,2.55
29/09/2004,2.61
30/09/2004,2.63
1/10/2004,2.63
4/10/2004,2.65
5/10/2004,2.65
6/10/2004,2.7
7/10/2004,2.72
8/10/2004,2.61
11/10/2004,.
12/10/2004,2.56
13/10/2004,2.53
14/10/2004,2.48
15/10/2004,2.53
18/10/2004,2.55
19/10/2004,2.57
20/10/2004,2.53
21/10/2004,2.57
22/10/2004,2.55
25/10/2004,2.54
26/10/2004,2.54
27/10/2004,2.63
28/10/2004,2.59
29/10/2004,2.56
1/11/2004,2.61
2/11/2004,2.6
3/11/2004,2.6
4/11/2004,2.63
5/11/2004,2.8
8/11/2004,2.8
9/11/2004,2.8
10/11/2004,2.82
11/11/2004,.
12/11/2004,2.86
15/11/2004,2.89
16/11/2004,2.91
17/11/2004,2.85
18/11/2004,2.86
19/11/2004,2.95
22/11/2004,2.95
23/11/2004,2.98
24/11/2004,3.01
25/11/2004,.
26/11/2004,3.03
29/11/2004,3.07
30/11/2004,3.02
1/12/2004,3.01
2/12/2004,3.04
3/12/2004,2.94
6/12/2004,2.93
7/12/2004,2.95
8/12/2004,2.91
9/12/2004,2.93
10/12/2004,2.95
13/12/2004,2.98
14/12/2004,2.99
15/12/2004,2.97
16/12/2004,3.01
17/12/2004,3.03
20/12/2004,3.06
21/12/2004,3.05
22/12/2004,3.04
23/12/2004,3.02
24/12/2004,.
27/12/2004,3.07
28/12/2004,3.08
29/12/2004,3.12
30/12/2004,3.1
31/12/2004,3.08
3/01/2005,3.1
4/01/2005,3.2
5/01/2005,3.22
6/01/2005,3.18
7/01/2005,3.2
10/01/2005,3.23
11/01/2005,3.24
12/01/2005,3.22
13/01/2005,3.21
14/01/2005,3.24
17/01/2005,.
18/01/2005,3.26
19/01/2005,3.26
20/01/2005,3.21
21/01/2005,3.16
24/01/2005,3.2
25/01/2005,3.23
26/01/2005,3.27
27/01/2005,3.28
28/01/2005,3.25
31/01/2005,3.29
1/02/2005,3.29
2/02/2005,3.32
3/02/2005,3.34
4/02/2005,3.29
7/02/2005,3.31
8/02/2005,3.33
9/02/2005,3.24
10/02/2005,3.29
11/02/2005,3.34
14/02/2005,3.38
15/02/2005,3.37
16/02/2005,3.41
17/02/2005,3.38
18/02/2005,3.45
21/02/2005,.
22/02/2005,3.46
23/02/2005,3.46
24/02/2005,3.52
25/02/2005,3.54
28/02/2005,3.59
1/03/2005,3.59
2/03/2005,3.57
3/03/2005,3.59
4/03/2005,3.57
7/03/2005,3.61
8/03/2005,3.62
9/03/2005,3.66
10/03/2005,3.68
11/03/2005,3.73
14/03/2005,3.75
15/03/2005,3.75
16/03/2005,3.72
17/03/2005,3.7
18/03/2005,3.72
21/03/2005,3.72
22/03/2005,3.86
23/03/2005,3.84
24/03/2005,3.88
25/03/2005,.
28/03/2005,3.9
29/03/2005,3.87
30/03/2005,3.86
31/03/2005,3.8
1/04/2005,3.75
4/04/2005,3.74
5/04/2005,3.75
6/04/2005,3.7
7/04/2005,3.72
8/04/2005,3.77
11/04/2005,3.75
12/04/2005,3.71
13/04/2005,3.66
14/04/2005,3.6
15/04/2005,3.54
18/04/2005,3.55
19/04/2005,3.5
20/04/2005,3.52
21/04/2005,3.65
22/04/2005,3.62
25/04/2005,3.64
26/04/2005,3.67
27/04/2005,3.64
28/04/2005,3.59
29/04/2005,3.66
2/05/2005,3.64
3/05/2005,3.68
4/05/2005,3.63
5/05/2005,3.58
6/05/2005,3.73
9/05/2005,3.76
10/05/2005,3.69
11/05/2005,3.68
12/05/2005,3.66
13/05/2005,3.61
16/05/2005,3.61
17/05/2005,3.61
18/05/2005,3.56
19/05/2005,3.64
20/05/2005,3.69
23/05/2005,3.65
24/05/2005,3.61
25/05/2005,3.61
26/05/2005,3.64
27/05/2005,3.64
30/05/2005,.
31/05/2005,3.6
1/06/2005,3.5
2/06/2005,3.52
3/06/2005,3.57
6/06/2005,3.59
7/06/2005,3.57
8/06/2005,3.6
9/06/2005,3.64
10/06/2005,3.71
13/06/2005,3.71
14/06/2005,3.71
15/06/2005,3.72
16/06/2005,3.7
17/06/2005,3.72
20/06/2005,3.72
21/06/2005,3.71
22/06/2005,3.62
23/06/2005,3.63
24/06/2005,3.59
27/06/2005,3.6
28/06/2005,3.65
29/06/2005,3.65
30/06/2005,3.66
1/07/2005,3.76
4/07/2005,.
5/07/2005,3.79
6/07/2005,3.77
7/07/2005,3.71
8/07/2005,3.78
11/07/2005,3.81
12/07/2005,3.82
13/07/2005,3.84
14/07/2005,3.86
15/07/2005,3.86
18/07/2005,3.89
19/07/2005,3.88
20/07/2005,3.9
21/07/2005,3.96
22/07/2005,3.92
25/07/2005,3.95
26/07/2005,3.95
27/07/2005,3.99
28/07/2005,3.96
29/07/2005,4.02
1/08/2005,4.04
2/08/2005,4.06
3/08/2005,4.02
4/08/2005,4.04
5/08/2005,4.11
8/08/2005,4.16
9/08/2005,4.13
10/08/2005,4.13
11/08/2005,4.1
12/08/2005,4.05
15/08/2005,4.08
16/08/2005,4.03
17/08/2005,4.07
18/08/2005,4.01
19/08/2005,4.03
22/08/2005,4.03
23/08/2005,4.01
24/08/2005,3.99
25/08/2005,4
26/08/2005,4.06
29/08/2005,4.06
30/08/2005,3.97
31/08/2005,3.84
1/09/2005,3.72
2/09/2005,3.75
5/09/2005,.
6/09/2005,3.8
7/09/2005,3.87
8/09/2005,3.87
9/09/2005,3.88
12/09/2005,3.92
13/09/2005,3.88
14/09/2005,3.9
15/09/2005,3.9
16/09/2005,3.97
19/09/2005,3.93
20/09/2005,4
21/09/2005,3.96
22/09/2005,3.95
23/09/2005,4.02
26/09/2005,4.07
27/09/2005,4.08
28/09/2005,4.09
29/09/2005,4.13
30/09/2005,4.18
3/10/2005,4.21
4/10/2005,4.22
5/10/2005,4.21
6/10/2005,4.2
7/10/2005,4.18
10/10/2005,.
11/10/2005,4.22
12/10/2005,4.24
13/10/2005,4.24
14/10/2005,4.27
17/10/2005,4.29
18/10/2005,4.27
19/10/2005,4.25
20/10/2005,4.27
21/10/2005,4.22
24/10/2005,4.25
25/10/2005,4.34
26/10/2005,4.38
27/10/2005,4.36
28/10/2005,4.4
31/10/2005,4.4
1/11/2005,4.42
2/11/2005,4.43
3/11/2005,4.47
4/11/2005,4.47
7/11/2005,4.47
8/11/2005,4.43
9/11/2005,4.49
10/11/2005,4.44
11/11/2005,.
14/11/2005,4.5
15/11/2005,4.47
16/11/2005,4.42
17/11/2005,4.37
18/11/2005,4.4
21/11/2005,4.39
22/11/2005,4.32
23/11/2005,4.36
24/11/2005,.
25/11/2005,4.33
28/11/2005,4.33
29/11/2005,4.4
30/11/2005,4.42
1/12/2005,4.45
2/12/2005,4.43
5/12/2005,4.47
6/12/2005,4.42
7/12/2005,4.42
8/12/2005,4.37
9/12/2005,4.43
12/12/2005,4.45
13/12/2005,4.43
14/12/2005,4.37
15/12/2005,4.37
16/12/2005,4.37
19/12/2005,4.38
20/12/2005,4.42
21/12/2005,4.43
22/12/2005,4.4
23/12/2005,4.37
26/12/2005,.
27/12/2005,4.35
28/12/2005,4.37
29/12/2005,4.38
30/12/2005,4.41
2/01/2006,.
3/01/2006,4.34
4/01/2006,4.31
5/01/2006,4.32
6/01/2006,4.36
9/01/2006,4.36
10/01/2006,4.41
11/01/2006,4.44
12/01/2006,4.39
13/01/2006,4.34
16/01/2006,.
17/01/2006,4.33
18/01/2006,4.33
19/01/2006,4.37
20/01/2006,4.37
23/01/2006,4.35
24/01/2006,4.37
25/01/2006,4.46
26/01/2006,4.49
27/01/2006,4.51
30/01/2006,4.52
31/01/2006,4.54
1/02/2006,4.59
2/02/2006,4.59
3/02/2006,4.59
6/02/2006,4.62
7/02/2006,4.61
8/02/2006,4.64
9/02/2006,4.66
10/02/2006,4.69
13/02/2006,4.68
14/02/2006,4.69
15/02/2006,4.71
16/02/2006,4.69
17/02/2006,4.66
20/02/2006,.
21/02/2006,4.71
22/02/2006,4.68
23/02/2006,4.72
24/02/2006,4.74
27/02/2006,4.74
28/02/2006,4.69
1/03/2006,4.71
2/03/2006,4.72
3/03/2006,4.76
6/03/2006,4.77
7/03/2006,4.77
8/03/2006,4.72
9/03/2006,4.72
10/03/2006,4.74
13/03/2006,4.74
14/03/2006,4.66
15/03/2006,4.69
16/03/2006,4.62
17/03/2006,4.65
20/03/2006,4.65
21/03/2006,4.72
22/03/2006,4.74
23/03/2006,4.77
24/03/2006,4.72
27/03/2006,4.72
28/03/2006,4.81
29/03/2006,4.82
30/03/2006,4.84
31/03/2006,4.82
3/04/2006,4.86
4/04/2006,4.84
5/04/2006,4.81
6/04/2006,4.84
7/04/2006,4.89
10/04/2006,4.89
11/04/2006,4.88
12/04/2006,4.91
13/04/2006,4.96
14/04/2006,.
17/04/2006,4.91
18/04/2006,4.84
19/04/2006,4.86
20/04/2006,4.89
21/04/2006,4.9
24/04/2006,4.89
25/04/2006,4.95
26/04/2006,4.99
27/04/2006,4.91
28/04/2006,4.87
1/05/2006,4.94
2/05/2006,4.92
3/05/2006,4.94
4/05/2006,4.97
5/05/2006,4.94
8/05/2006,4.97
9/05/2006,4.97
10/05/2006,5.01
11/05/2006,4.99
12/05/2006,5.01
15/05/2006,4.99
16/05/2006,4.96
17/05/2006,4.97
18/05/2006,4.94
19/05/2006,4.96
22/05/2006,4.94
23/05/2006,4.97
24/05/2006,4.94
25/05/2006,4.98
26/05/2006,4.96
29/05/2006,.
30/05/2006,4.99
31/05/2006,5.04
1/06/2006,5.04
2/06/2006,4.92
5/06/2006,4.99
6/06/2006,4.99
7/06/2006,5.02
8/06/2006,5.01
9/06/2006,5.01
12/06/2006,5.02
13/06/2006,5.02
14/06/2006,5.11
15/06/2006,5.14
16/06/2006,5.16
19/06/2006,5.19
20/06/2006,5.19
21/06/2006,5.2
22/06/2006,5.23
23/06/2006,5.27
26/06/2006,5.27
27/06/2006,5.24
28/06/2006,5.29
29/06/2006,5.21
30/06/2006,5.16
3/07/2006,5.17
4/07/2006,.
5/07/2006,5.24
6/07/2006,5.22
7/07/2006,5.17
10/07/2006,5.17
11/07/2006,5.17
12/07/2006,5.17
13/07/2006,5.12
14/07/2006,5.08
17/07/2006,5.12
18/07/2006,5.19
19/07/2006,5.12
20/07/2006,5.06
21/07/2006,5.08
24/07/2006,5.1
25/07/2006,5.11
26/07/2006,5.06
27/07/2006,5.07
28/07/2006,4.98
31/07/2006,4.97
1/08/2006,4.97
2/08/2006,4.97
3/08/2006,4.98
4/08/2006,4.91
7/08/2006,4.96
8/08/2006,4.91
9/08/2006,4.91
10/08/2006,4.93
11/08/2006,4.96
14/08/2006,5.01
15/08/2006,4.94
16/08/2006,4.87
17/08/2006,4.89
18/08/2006,4.87
21/08/2006,4.85
22/08/2006,4.87
23/08/2006,4.87
24/08/2006,4.88
25/08/2006,4.86
28/08/2006,4.88
29/08/2006,4.87
30/08/2006,4.83
31/08/2006,4.79
1/09/2006,4.77
4/09/2006,.
5/09/2006,4.8
6/09/2006,4.82
7/09/2006,4.82
8/09/2006,4.8
11/09/2006,4.83
12/09/2006,4.82
13/09/2006,4.8
14/09/2006,4.83
15/09/2006,4.87
18/09/2006,4.88
19/09/2006,4.79
20/09/2006,4.81
21/09/2006,4.71
22/09/2006,4.67
25/09/2006,4.63
26/09/2006,4.68
27/09/2006,4.66
28/09/2006,4.68
29/09/2006,4.71
2/10/2006,4.66
3/10/2006,4.67
4/10/2006,4.6
5/10/2006,4.65
6/10/2006,4.74
9/10/2006,.
10/10/2006,4.82
11/10/2006,4.85
12/10/2006,4.85
13/10/2006,4.87
16/10/2006,4.85
17/10/2006,4.83
18/10/2006,4.85
19/10/2006,4.85
20/10/2006,4.87
23/10/2006,4.9
24/10/2006,4.91
25/10/2006,4.88
26/10/2006,4.81
27/10/2006,4.76
30/10/2006,4.78
31/10/2006,4.71
1/11/2006,4.66
2/11/2006,4.67
3/11/2006,4.82
6/11/2006,4.82
7/11/2006,4.77
8/11/2006,4.75
9/11/2006,4.75
10/11/2006,4.73
13/11/2006,4.76
14/11/2006,4.74
15/11/2006,4.8
16/11/2006,4.85
17/11/2006,4.76
20/11/2006,4.76
21/11/2006,4.75
22/11/2006,4.74
23/11/2006,.
24/11/2006,4.73
27/11/2006,4.71
28/11/2006,4.67
29/11/2006,4.69
30/11/2006,4.62
1/12/2006,4.52
4/12/2006,4.52
5/12/2006,4.52
6/12/2006,4.59
7/12/2006,4.58
8/12/2006,4.68
11/12/2006,4.67
12/12/2006,4.61
13/12/2006,4.7
14/12/2006,4.73
15/12/2006,4.73
18/12/2006,4.71
19/12/2006,4.71
20/12/2006,4.71
21/12/2006,4.66
22/12/2006,4.71
25/12/2006,.
26/12/2006,4.71
27/12/2006,4.77
28/12/2006,4.82
29/12/2006,4.82
1/01/2007,.
2/01/2007,4.8
3/01/2007,4.76
4/01/2007,4.71
5/01/2007,4.76
8/01/2007,4.78
9/01/2007,4.79
10/01/2007,4.81
11/01/2007,4.86
12/01/2007,4.88
15/01/2007,.
16/01/2007,4.86
17/01/2007,4.91
18/01/2007,4.89
19/01/2007,4.93
22/01/2007,4.91
23/01/2007,4.94
24/01/2007,4.93
25/01/2007,4.98
26/01/2007,4.99
29/01/2007,4.99
30/01/2007,4.98
31/01/2007,4.94
1/02/2007,4.96
2/02/2007,4.94
5/02/2007,4.92
6/02/2007,4.9
7/02/2007,4.87
8/02/2007,4.87
9/02/2007,4.92
12/02/2007,4.94
13/02/2007,4.95
14/02/2007,4.87
15/02/2007,4.83
16/02/2007,4.83
19/02/2007,.
20/02/2007,4.81
21/02/2007,4.82
22/02/2007,4.87
23/02/2007,4.82
26/02/2007,4.77
27/02/2007,4.59
28/02/2007,4.65
1/03/2007,4.63
2/03/2007,4.56
5/03/2007,4.53
6/03/2007,4.58
7/03/2007,4.54
8/03/2007,4.56
9/03/2007,4.66
12/03/2007,4.62
13/03/2007,4.52
14/03/2007,4.54
15/03/2007,4.57
16/03/2007,4.58
19/03/2007,4.61
20/03/2007,4.6
21/03/2007,4.51
22/03/2007,4.58
23/03/2007,4.6
26/03/2007,4.56
27/03/2007,4.58
28/03/2007,4.53
29/03/2007,4.58
30/03/2007,4.58
2/04/2007,4.6
3/04/2007,4.63
4/04/2007,4.61
5/04/2007,4.63
6/04/2007,4.75
9/04/2007,4.73
10/04/2007,4.71
11/04/2007,4.73
12/04/2007,4.73
13/04/2007,4.76
16/04/2007,4.74
17/04/2007,4.68
18/04/2007,4.64
19/04/2007,4.64
20/04/2007,4.64
23/04/2007,4.62
24/04/2007,4.58
25/04/2007,4.63
26/04/2007,4.67
27/04/2007,4.67
30/04/2007,4.6
1/05/2007,4.63
2/05/2007,4.65
3/05/2007,4.71
4/05/2007,4.68
7/05/2007,4.68
8/05/2007,4.68
9/05/2007,4.73
10/05/2007,4.7
11/05/2007,4.71
14/05/2007,4.73
15/05/2007,4.75
16/05/2007,4.73
17/05/2007,4.78
18/05/2007,4.82
21/05/2007,4.81
22/05/2007,4.83
23/05/2007,4.85
24/05/2007,4.85
25/05/2007,4.85
28/05/2007,.
29/05/2007,4.88
30/05/2007,4.89
31/05/2007,4.92
1/06/2007,4.97
4/06/2007,4.97
5/06/2007,4.99
6/06/2007,4.97
7/06/2007,5.03
8/06/2007,5.01
11/06/2007,5.01
12/06/2007,5.08
13/06/2007,5.08
14/06/2007,5.1
15/06/2007,5.05
18/06/2007,5.01
19/06/2007,4.94
20/06/2007,4.97
21/06/2007,4.98
22/06/2007,4.92
25/06/2007,4.87
26/06/2007,4.9
27/06/2007,4.91
28/06/2007,4.96
29/06/2007,4.87
2/07/2007,4.86
3/07/2007,4.89
4/07/2007,.
5/07/2007,4.99
6/07/2007,4.99
9/07/2007,4.97
10/07/2007,4.85
11/07/2007,4.89
12/07/2007,4.94
13/07/2007,4.94
16/07/2007,4.89
17/07/2007,4.91
18/07/2007,4.84
19/07/2007,4.87
20/07/2007,4.79
23/07/2007,4.8
24/07/2007,4.77
25/07/2007,4.74
26/07/2007,4.56
27/07/2007,4.56
30/07/2007,4.59
31/07/2007,4.56
1/08/2007,4.56
2/08/2007,4.59
3/08/2007,4.46
6/08/2007,4.46
7/08/2007,4.56
8/08/2007,4.64
9/08/2007,4.49
10/08/2007,4.47
13/08/2007,4.46
14/08/2007,4.39
15/08/2007,4.27
16/08/2007,4.08
17/08/2007,4.18
20/08/2007,4.11
21/08/2007,4.05
22/08/2007,4.15
23/08/2007,4.2
24/08/2007,4.3
27/08/2007,4.28
28/08/2007,4.13
29/08/2007,4.14
30/08/2007,4.08
31/08/2007,4.15
3/09/2007,.
4/09/2007,4.13
5/09/2007,4.03
6/09/2007,4.08
7/09/2007,3.9
10/09/2007,3.87
11/09/2007,3.95
12/09/2007,3.95
13/09/2007,4.08
14/09/2007,4.05
17/09/2007,4.08
18/09/2007,4
19/09/2007,4
20/09/2007,4.1
21/09/2007,4.06
24/09/2007,4.05
25/09/2007,4
26/09/2007,3.97
27/09/2007,3.95
28/09/2007,3.97
1/10/2007,4.02
2/10/2007,3.98
3/10/2007,4.02
4/10/2007,4
5/10/2007,4.08
8/10/2007,.
9/10/2007,4.15
10/10/2007,4.15
11/10/2007,4.13
12/10/2007,4.23
15/10/2007,4.22
16/10/2007,4.12
17/10/2007,4
18/10/2007,3.93
19/10/2007,3.8
22/10/2007,3.85
23/10/2007,3.81
24/10/2007,3.74
25/10/2007,3.74
26/10/2007,3.77
29/10/2007,3.79
30/10/2007,3.82
31/10/2007,3.94
1/11/2007,3.77
2/11/2007,3.66
5/11/2007,3.69
6/11/2007,3.7
7/11/2007,3.61
8/11/2007,3.47
9/11/2007,3.42
12/11/2007,.
13/11/2007,3.54
14/11/2007,3.57
15/11/2007,3.35
16/11/2007,3.33
19/11/2007,3.18
20/11/2007,3.14
21/11/2007,2.99
22/11/2007,.
23/11/2007,3.07
26/11/2007,2.92
27/11/2007,3.05
28/11/2007,3.17
29/11/2007,3.06
30/11/2007,3.04
3/12/2007,2.9
4/12/2007,2.9
5/12/2007,2.9
6/12/2007,3.03
7/12/2007,3.12
10/12/2007,3.17
11/12/2007,2.94
12/12/2007,3.07
13/12/2007,3.21
14/12/2007,3.31
17/12/2007,3.24
18/12/2007,3.19
19/12/2007,3.12
20/12/2007,3.09
21/12/2007,3.19
24/12/2007,3.24
25/12/2007,.
26/12/2007,3.31
27/12/2007,3.24
28/12/2007,3.12
31/12/2007,3.05
1/01/2008,.
2/01/2008,2.88
3/01/2008,2.83
4/01/2008,2.74
7/01/2008,2.76
8/01/2008,2.76
9/01/2008,2.69
10/01/2008,2.71
11/01/2008,2.59
14/01/2008,2.58
15/01/2008,2.53
16/01/2008,2.51
17/01/2008,2.44
18/01/2008,2.36
21/01/2008,.
22/01/2008,2.08
23/01/2008,2.09
24/01/2008,2.25
25/01/2008,2.23
28/01/2008,2.2
29/01/2008,2.29
30/01/2008,2.3
31/01/2008,2.17
1/02/2008,2.09
4/02/2008,2.08
5/02/2008,1.93
6/02/2008,1.96
7/02/2008,1.99
8/02/2008,1.93
11/02/2008,1.93
12/02/2008,1.94
13/02/2008,1.91
14/02/2008,1.93
15/02/2008,1.91
18/02/2008,.
19/02/2008,2.06
20/02/2008,2.14
21/02/2008,1.98
22/02/2008,1.98
25/02/2008,2.13
26/02/2008,2.04
27/02/2008,2.01
28/02/2008,1.87
29/02/2008,1.65
3/03/2008,1.61
4/03/2008,1.65
5/03/2008,1.66
6/03/2008,1.53
7/03/2008,1.53
10/03/2008,1.47
11/03/2008,1.74
12/03/2008,1.63
13/03/2008,1.63
14/03/2008,1.47
17/03/2008,1.35
18/03/2008,1.58
19/03/2008,1.54
20/03/2008,1.59
21/03/2008,.
24/03/2008,1.84
25/03/2008,1.79
26/03/2008,1.71
27/03/2008,1.73
28/03/2008,1.67
31/03/2008,1.62
1/04/2008,1.8
2/04/2008,1.88
3/04/2008,1.91
4/04/2008,1.83
7/04/2008,1.95
8/04/2008,1.87
9/04/2008,1.77
10/04/2008,1.84
11/04/2008,1.76
14/04/2008,1.78
15/04/2008,1.84
16/04/2008,1.98
17/04/2008,2.13
18/04/2008,2.19
21/04/2008,2.2
22/04/2008,2.24
23/04/2008,2.22
24/04/2008,2.41
25/04/2008,2.44
28/04/2008,2.36
29/04/2008,2.35
30/04/2008,2.29
1/05/2008,2.37
2/05/2008,2.47
5/05/2008,2.42
6/05/2008,2.38
7/05/2008,2.31
8/05/2008,2.25
9/05/2008,2.25
12/05/2008,2.3
13/05/2008,2.47
14/05/2008,2.53
15/05/2008,2.45
16/05/2008,2.47
19/05/2008,2.42
20/05/2008,2.34
21/05/2008,2.41
22/05/2008,2.56
23/05/2008,2.46
26/05/2008,.
27/05/2008,2.55
28/05/2008,2.62
29/05/2008,2.67
30/05/2008,2.66
2/06/2008,2.51
3/06/2008,2.45
4/06/2008,2.47
5/06/2008,2.52
6/06/2008,2.4
9/06/2008,2.73
10/06/2008,2.91
11/06/2008,2.83
12/06/2008,3.03
13/06/2008,3.05
16/06/2008,3.02
17/06/2008,2.94
18/06/2008,2.89
19/06/2008,2.99
20/06/2008,2.88
23/06/2008,2.98
24/06/2008,2.87
25/06/2008,2.82
26/06/2008,2.68
27/06/2008,2.65
30/06/2008,2.63
1/07/2008,2.63
2/07/2008,2.6
3/07/2008,2.54
4/07/2008,.
7/07/2008,2.47
8/07/2008,2.47
9/07/2008,2.41
10/07/2008,2.44
11/07/2008,2.59
14/07/2008,2.47
15/07/2008,2.39
16/07/2008,2.44
17/07/2008,2.58
18/07/2008,2.66
21/07/2008,2.66
22/07/2008,2.74
23/07/2008,2.81
24/07/2008,2.61
25/07/2008,2.7
28/07/2008,2.59
29/07/2008,2.65
30/07/2008,2.64
31/07/2008,2.52
1/08/2008,2.51
4/08/2008,2.53
5/08/2008,2.54
6/08/2008,2.56
7/08/2008,2.43
8/08/2008,2.51
11/08/2008,2.56
12/08/2008,2.45
13/08/2008,2.5
14/08/2008,2.45
15/08/2008,2.4
18/08/2008,2.35
19/08/2008,2.32
20/08/2008,2.25
21/08/2008,2.33
22/08/2008,2.42
25/08/2008,2.33
26/08/2008,2.35
27/08/2008,2.31
28/08/2008,2.37
29/08/2008,2.36
1/09/2008,.
2/09/2008,2.26
3/09/2008,2.26
4/09/2008,2.2
5/09/2008,2.23
8/09/2008,2.3
9/09/2008,2.23
10/09/2008,2.22
11/09/2008,2.18
12/09/2008,2.23
15/09/2008,1.78
16/09/2008,1.89
17/09/2008,1.64
18/09/2008,1.78
19/09/2008,2.16
22/09/2008,2.13
23/09/2008,2.11
24/09/2008,2.03
25/09/2008,2.16
26/09/2008,2.11
29/09/2008,1.7
30/09/2008,2
1/10/2008,1.82
2/10/2008,1.62
3/10/2008,1.6
6/10/2008,1.43
7/10/2008,1.47
8/10/2008,1.65
9/10/2008,1.65
10/10/2008,1.62
13/10/2008,.
14/10/2008,1.82
15/10/2008,1.64
16/10/2008,1.61
17/10/2008,1.64
20/10/2008,1.71
21/10/2008,1.58
22/10/2008,1.53
23/10/2008,1.54
24/10/2008,1.57
27/10/2008,1.59
28/10/2008,1.65
29/10/2008,1.58
30/10/2008,1.59
31/10/2008,1.56
3/11/2008,1.45
4/11/2008,1.39
5/11/2008,1.36
6/11/2008,1.28
7/11/2008,1.33
10/11/2008,1.27
11/11/2008,.
12/11/2008,1.19
13/11/2008,1.24
14/11/2008,1.22
17/11/2008,1.22
18/11/2008,1.15
19/11/2008,1.09
20/11/2008,1
21/11/2008,1.09
24/11/2008,1.31
25/11/2008,1.15
26/11/2008,1.09
27/11/2008,.
28/11/2008,1
1/12/2008,0.9
2/12/2008,0.9
3/12/2008,0.87
4/12/2008,0.82
5/12/2008,0.93
8/12/2008,0.97
9/12/2008,0.84
10/12/2008,0.86
11/12/2008,0.79
12/12/2008,0.78
15/12/2008,0.75
16/12/2008,0.65
17/12/2008,0.73
18/12/2008,0.68
19/12/2008,0.74
22/12/2008,0.87
23/12/2008,0.9
24/12/2008,0.9
25/12/2008,.
26/12/2008,0.89
29/12/2008,0.78
30/12/2008,0.75
31/12/2008,0.76
1/01/2009,.
2/01/2009,0.88
5/01/2009,0.78
6/01/2009,0.8
7/01/2009,0.82
8/01/2009,0.83
9/01/2009,0.75
12/01/2009,0.74
13/01/2009,0.76
14/01/2009,0.73
15/01/2009,0.73
16/01/2009,0.73
19/01/2009,.
20/01/2009,0.73
21/01/2009,0.78
22/01/2009,0.75
23/01/2009,0.83
26/01/2009,0.85
27/01/2009,0.87
28/01/2009,0.89
29/01/2009,0.95
30/01/2009,0.94
2/02/2009,0.89
3/02/2009,0.96
4/02/2009,0.98
5/02/2009,0.98
6/02/2009,0.99
9/02/2009,1.05
10/02/2009,0.92
11/02/2009,0.93
12/02/2009,0.89
13/02/2009,0.97
16/02/2009,.
17/02/2009,0.87
18/02/2009,0.97
19/02/2009,1.01
20/02/2009,0.96
23/02/2009,0.96
24/02/2009,1.03
25/02/2009,1.09
26/02/2009,1.08
27/02/2009,1
2/03/2009,0.89
3/03/2009,0.91
4/03/2009,0.97
5/03/2009,0.9
6/03/2009,0.91
9/03/2009,0.96
10/03/2009,1.01
11/03/2009,1.03
12/03/2009,1.03
13/03/2009,0.98
16/03/2009,1
17/03/2009,1.05
18/03/2009,0.82
19/03/2009,0.87
20/03/2009,0.89
23/03/2009,0.93
24/03/2009,0.93
25/03/2009,0.96
26/03/2009,0.9
27/03/2009,0.9
30/03/2009,0.84
31/03/2009,0.81
1/04/2009,0.83
2/04/2009,0.88
3/04/2009,0.96
6/04/2009,0.94
7/04/2009,0.91
8/04/2009,0.93
9/04/2009,0.96
10/04/2009,.
13/04/2009,0.89
14/04/2009,0.86
15/04/2009,0.86
16/04/2009,0.91
17/04/2009,0.99
20/04/2009,0.93
21/04/2009,0.96
22/04/2009,1
23/04/2009,0.97
24/04/2009,0.99
27/04/2009,0.9
28/04/2009,0.95
29/04/2009,0.94
30/04/2009,0.91
1/05/2009,0.92
4/05/2009,0.94
5/05/2009,0.98
6/05/2009,0.96
7/05/2009,1
8/05/2009,1
11/05/2009,0.92
12/05/2009,0.9
13/05/2009,0.89
14/05/2009,0.87
15/05/2009,0.88
18/05/2009,0.93
19/05/2009,0.91
20/05/2009,0.87
21/05/2009,0.89
22/05/2009,0.92
25/05/2009,.
26/05/2009,0.96
27/05/2009,0.96
28/05/2009,0.97
29/05/2009,0.92
1/06/2009,0.97
2/06/2009,0.96
3/06/2009,0.91
4/06/2009,0.96
5/06/2009,1.32
8/06/2009,1.42
9/06/2009,1.33
10/06/2009,1.38
11/06/2009,1.35
12/06/2009,1.3
15/06/2009,1.26
16/06/2009,1.23
17/06/2009,1.19
18/06/2009,1.28
19/06/2009,1.25
22/06/2009,1.17
23/06/2009,1.14
24/06/2009,1.19
25/06/2009,1.12
26/06/2009,1.1
29/06/2009,1.11
30/06/2009,1.11
1/07/2009,1.05
2/07/2009,0.98
3/07/2009,.
6/07/2009,0.96
7/07/2009,0.98
8/07/2009,0.91
9/07/2009,0.94
10/07/2009,0.91
13/07/2009,0.92
14/07/2009,0.97
15/07/2009,1.03
16/07/2009,1
17/07/2009,1.02
20/07/2009,0.99
21/07/2009,0.96
22/07/2009,0.98
23/07/2009,1.08
24/07/2009,1.05
27/07/2009,1.08
28/07/2009,1.12
29/07/2009,1.17
30/07/2009,1.19
31/07/2009,1.13
3/08/2009,1.18
4/08/2009,1.2
5/08/2009,1.23
6/08/2009,1.22
7/08/2009,1.32
10/08/2009,1.24
11/08/2009,1.21
12/08/2009,1.18
13/08/2009,1.12
14/08/2009,1.07
17/08/2009,1.04
18/08/2009,1.06
19/08/2009,1.01
20/08/2009,1.03
21/08/2009,1.13
24/08/2009,1.05
25/08/2009,1.05
26/08/2009,1.06
27/08/2009,1.04
28/08/2009,1.01
31/08/2009,0.97
1/09/2009,0.92
2/09/2009,0.89
3/09/2009,0.91
4/09/2009,0.94
7/09/2009,.
8/09/2009,0.93
9/09/2009,0.93
10/09/2009,0.9
11/09/2009,0.9
14/09/2009,0.94
15/09/2009,0.96
16/09/2009,1.01
17/09/2009,0.98
18/09/2009,1.03
21/09/2009,1.02
22/09/2009,1.02
23/09/2009,0.96
24/09/2009,0.93
25/09/2009,0.98
28/09/2009,0.98
29/09/2009,1
30/09/2009,0.95
1/10/2009,0.87
2/10/2009,0.88
5/10/2009,0.88
6/10/2009,0.91
7/10/2009,0.87
8/10/2009,0.9
9/10/2009,0.98
12/10/2009,.
13/10/2009,0.91
14/10/2009,0.96
15/10/2009,0.97
16/10/2009,0.97
19/10/2009,0.99
20/10/2009,0.95
21/10/2009,1
22/10/2009,0.97
23/10/2009,1.04
26/10/2009,1.06
27/10/2009,0.99
28/10/2009,0.95
29/10/2009,0.98
30/10/2009,0.9
2/11/2009,0.92
3/11/2009,0.92
4/11/2009,0.91
5/11/2009,0.9
6/11/2009,0.86
9/11/2009,0.87
10/11/2009,0.85
11/11/2009,.
12/11/2009,0.82
13/11/2009,0.82
16/11/2009,0.78
17/11/2009,0.78
18/11/2009,0.77
19/11/2009,0.73
20/11/2009,0.75
23/11/2009,0.77
24/11/2009,0.73
25/11/2009,0.73
26/11/2009,.
27/11/2009,0.68
30/11/2009,0.67
1/12/2009,0.67
2/12/2009,0.72
3/12/2009,0.74
4/12/2009,0.84
7/12/2009,0.78
8/12/2009,0.73
9/12/2009,0.76
10/12/2009,0.78
11/12/2009,0.83
14/12/2009,0.87
15/12/2009,0.88
16/12/2009,0.85
17/12/2009,0.77
18/12/2009,0.82
21/12/2009,0.89
22/12/2009,0.95
23/12/2009,0.96
24/12/2009,1
25/12/2009,.
28/12/2009,1.09
29/12/2009,1.09
30/12/2009,1.08
31/12/2009,1.14
1/01/2010,.
4/01/2010,1.09
5/01/2010,1.01
6/01/2010,1.01
7/01/2010,1.03
8/01/2010,0.96
11/01/2010,0.95
12/01/2010,0.92
13/01/2010,0.97
14/01/2010,0.94
15/01/2010,0.89
18/01/2010,.
19/01/2010,0.93
20/01/2010,0.92
21/01/2010,0.87
22/01/2010,0.84
25/01/2010,0.86
26/01/2010,0.87
27/01/2010,0.9
28/01/2010,0.87
29/01/2010,0.82
1/02/2010,0.86
2/02/2010,0.86
3/02/2010,0.88
4/02/2010,0.8
5/02/2010,0.77
8/02/2010,0.79
9/02/2010,0.84
10/02/2010,0.91
11/02/2010,0.91
12/02/2010,0.84
15/02/2010,.
16/02/2010,0.82
17/02/2010,0.87
18/02/2010,0.9
19/02/2010,0.95
22/02/2010,0.91
23/02/2010,0.87
24/02/2010,0.87
25/02/2010,0.82
26/02/2010,0.81
1/03/2010,0.8
2/03/2010,0.8
3/03/2010,0.82
4/03/2010,0.86
5/03/2010,0.91
8/03/2010,0.9
9/03/2010,0.89
10/03/2010,0.92
11/03/2010,0.97
12/03/2010,0.97
15/03/2010,0.96
16/03/2010,0.93
17/03/2010,0.95
18/03/2010,0.98
19/03/2010,1.02
22/03/2010,1.01
23/03/2010,1.02
24/03/2010,1.08
25/03/2010,1.1
26/03/2010,1.04
29/03/2010,1.04
30/03/2010,1.06
31/03/2010,1.02
1/04/2010,1.05
2/04/2010,1.11
5/04/2010,1.18
6/04/2010,1.14
7/04/2010,1.06
8/04/2010,1.09
9/04/2010,1.08
12/04/2010,1.07
13/04/2010,1.07
14/04/2010,1.07
15/04/2010,1.04
16/04/2010,0.98
19/04/2010,1.01
20/04/2010,1.05
21/04/2010,1.03
22/04/2010,1.07
23/04/2010,1.1
26/04/2010,1.09
27/04/2010,1.03
28/04/2010,1.03
29/04/2010,1.01
30/04/2010,0.97
3/05/2010,1
4/05/2010,0.96
5/05/2010,0.88
6/05/2010,0.75
7/05/2010,0.83
10/05/2010,0.87
11/05/2010,0.85
12/05/2010,0.89
13/05/2010,0.87
14/05/2010,0.79
17/05/2010,0.81
18/05/2010,0.76
19/05/2010,0.8
20/05/2010,0.76
21/05/2010,0.76
24/05/2010,0.77
25/05/2010,0.81
26/05/2010,0.82
27/05/2010,0.87
28/05/2010,0.76
31/05/2010,.
1/06/2010,0.78
2/06/2010,0.82
3/06/2010,0.82
4/06/2010,0.72
7/06/2010,0.74
8/06/2010,0.74
9/06/2010,0.74
10/06/2010,0.79
11/06/2010,0.75
14/06/2010,0.77
15/06/2010,0.79
16/06/2010,0.75
17/06/2010,0.72
18/06/2010,0.74
21/06/2010,0.74
22/06/2010,0.71
23/06/2010,0.66
24/06/2010,0.67
25/06/2010,0.65
28/06/2010,0.62
29/06/2010,0.61
30/06/2010,0.61
1/07/2010,0.63
2/07/2010,0.63
5/07/2010,.
6/07/2010,0.62
7/07/2010,0.63
8/07/2010,0.63
9/07/2010,0.63
12/07/2010,0.65
13/07/2010,0.67
14/07/2010,0.62
15/07/2010,0.61
16/07/2010,0.61
19/07/2010,0.61
20/07/2010,0.61
21/07/2010,0.58
22/07/2010,0.6
23/07/2010,0.6
26/07/2010,0.62
27/07/2010,0.65
28/07/2010,0.61
29/07/2010,0.59
30/07/2010,0.55
2/08/2010,0.56
3/08/2010,0.53
4/08/2010,0.56
5/08/2010,0.53
6/08/2010,0.5
9/08/2010,0.54
10/08/2010,0.52
11/08/2010,0.54
12/08/2010,0.55
13/08/2010,0.54
16/08/2010,0.51
17/08/2010,0.52
18/08/2010,0.51
19/08/2010,0.49
20/08/2010,0.49
23/08/2010,0.49
24/08/2010,0.5
25/08/2010,0.53
26/08/2010,0.51
27/08/2010,0.56
30/08/2010,0.5
31/08/2010,0.47
1/09/2010,0.5
2/09/2010,0.5
3/09/2010,0.52
6/09/2010,.
7/09/2010,0.49
8/09/2010,0.52
9/09/2010,0.57
10/09/2010,0.58
13/09/2010,0.53
14/09/2010,0.5
15/09/2010,0.5
16/09/2010,0.48
17/09/2010,0.48
20/09/2010,0.47
21/09/2010,0.43
22/09/2010,0.44
23/09/2010,0.45
24/09/2010,0.45
27/09/2010,0.44
28/09/2010,0.37
29/09/2010,0.44
30/09/2010,0.42
1/10/2010,0.42
4/10/2010,0.41
5/10/2010,0.41
6/10/2010,0.38
7/10/2010,0.36
8/10/2010,0.35
11/10/2010,.
12/10/2010,0.37
13/10/2010,0.37
14/10/2010,0.38
15/10/2010,0.37
18/10/2010,0.38
19/10/2010,0.37
20/10/2010,0.35
21/10/2010,0.37
22/10/2010,0.35
25/10/2010,0.37
26/10/2010,0.4
27/10/2010,0.4
28/10/2010,0.37
29/10/2010,0.34
1/11/2010,0.34
2/11/2010,0.34
3/11/2010,0.34
4/11/2010,0.33
5/11/2010,0.38
8/11/2010,0.41
9/11/2010,0.46
10/11/2010,0.44
11/11/2010,.
12/11/2010,0.51
15/11/2010,0.53
16/11/2010,0.51
17/11/2010,0.5
18/11/2010,0.52
19/11/2010,0.52
22/11/2010,0.49
23/11/2010,0.45
24/11/2010,0.53
25/11/2010,.
26/11/2010,0.51
29/11/2010,0.52
30/11/2010,0.45
1/12/2010,0.53
2/12/2010,0.55
3/12/2010,0.49
6/12/2010,0.42
7/12/2010,0.54
8/12/2010,0.63
9/12/2010,0.64
10/12/2010,0.64
13/12/2010,0.61
14/12/2010,0.66
15/12/2010,0.68
16/12/2010,0.66
17/12/2010,0.61
20/12/2010,0.62
21/12/2010,0.63
22/12/2010,0.65
23/12/2010,0.67
24/12/2010,.
27/12/2010,0.71
28/12/2010,0.75
29/12/2010,0.64
30/12/2010,0.66
31/12/2010,0.61
3/01/2011,0.61
4/01/2011,0.63
5/01/2011,0.71
6/01/2011,0.68
7/01/2011,0.6
10/01/2011,0.59
11/01/2011,0.6
12/01/2011,0.61
13/01/2011,0.59
14/01/2011,0.59
17/01/2011,.
18/01/2011,0.6
19/01/2011,0.6
20/01/2011,0.65
21/01/2011,0.63
24/01/2011,0.65
25/01/2011,0.62
26/01/2011,0.62
27/01/2011,0.59
28/01/2011,0.54
31/01/2011,0.58
1/02/2011,0.61
2/02/2011,0.67
3/02/2011,0.71
4/02/2011,0.77
7/02/2011,0.78
8/02/2011,0.86
9/02/2011,0.81
10/02/2011,0.85
11/02/2011,0.85
14/02/2011,0.87
15/02/2011,0.84
16/02/2011,0.86
17/02/2011,0.8
18/02/2011,0.78
21/02/2011,.
22/02/2011,0.74
23/02/2011,0.74
24/02/2011,0.73
25/02/2011,0.72
28/02/2011,0.69
1/03/2011,0.66
2/03/2011,0.69
3/03/2011,0.79
4/03/2011,0.68
7/03/2011,0.7
8/03/2011,0.73
9/03/2011,0.7
10/03/2011,0.65
11/03/2011,0.64
14/03/2011,0.61
15/03/2011,0.63
16/03/2011,0.58
17/03/2011,0.6
18/03/2011,0.61
21/03/2011,0.67
22/03/2011,0.68
23/03/2011,0.69
24/03/2011,0.72
25/03/2011,0.79
28/03/2011,0.81
29/03/2011,0.81
30/03/2011,0.8
31/03/2011,0.8
1/04/2011,0.8
4/04/2011,0.77
5/04/2011,0.84
6/04/2011,0.85
7/04/2011,0.81
8/04/2011,0.83
11/04/2011,0.85
12/04/2011,0.77
13/04/2011,0.75
14/04/2011,0.77
15/04/2011,0.71
18/04/2011,0.69
19/04/2011,0.68
20/04/2011,0.69
21/04/2011,0.68
22/04/2011,.
25/04/2011,0.67
26/04/2011,0.65
27/04/2011,0.65
28/04/2011,0.62
29/04/2011,0.61
2/05/2011,0.61
3/05/2011,0.61
4/05/2011,0.6
5/05/2011,0.58
6/05/2011,0.57
9/05/2011,0.57
10/05/2011,0.59
11/05/2011,0.56
12/05/2011,0.57
13/05/2011,0.57
16/05/2011,0.54
17/05/2011,0.55
18/05/2011,0.58
19/05/2011,0.55
20/05/2011,0.55
23/05/2011,0.55
24/05/2011,0.56
25/05/2011,0.54
26/05/2011,0.48
27/05/2011,0.48
30/05/2011,.
31/05/2011,0.45
1/06/2011,0.44
2/06/2011,0.45
3/06/2011,0.42
6/06/2011,0.43
7/06/2011,0.39
8/06/2011,0.39
9/06/2011,0.43
10/06/2011,0.41
13/06/2011,0.4
14/06/2011,0.45
15/06/2011,0.38
16/06/2011,0.38
17/06/2011,0.38
20/06/2011,0.38
21/06/2011,0.4
22/06/2011,0.39
23/06/2011,0.35
24/06/2011,0.35
27/06/2011,0.41
28/06/2011,0.48
29/06/2011,0.47
30/06/2011,0.45
1/07/2011,0.5
4/07/2011,.
5/07/2011,0.44
6/07/2011,0.43
7/07/2011,0.49
8/07/2011,0.4
11/07/2011,0.37
12/07/2011,0.37
13/07/2011,0.37
14/07/2011,0.38
15/07/2011,0.37
18/07/2011,0.37
19/07/2011,0.39
20/07/2011,0.4
21/07/2011,0.4
22/07/2011,0.4
25/07/2011,0.42
26/07/2011,0.41
27/07/2011,0.44
28/07/2011,0.42
29/07/2011,0.36
1/08/2011,0.38
2/08/2011,0.33
3/08/2011,0.33
4/08/2011,0.27
5/08/2011,0.28
8/08/2011,0.27
9/08/2011,0.19
10/08/2011,0.19
11/08/2011,0.19
12/08/2011,0.2
15/08/2011,0.19
16/08/2011,0.2
17/08/2011,0.19
18/08/2011,0.2
19/08/2011,0.2
22/08/2011,0.22
23/08/2011,0.22
24/08/2011,0.23
25/08/2011,0.22
26/08/2011,0.2
29/08/2011,0.2
30/08/2011,0.2
31/08/2011,0.2
1/09/2011,0.19
2/09/2011,0.2
5/09/2011,.
6/09/2011,0.21
7/09/2011,0.21
8/09/2011,0.19
9/09/2011,0.17
12/09/2011,0.21
13/09/2011,0.21
14/09/2011,0.19
15/09/2011,0.21
16/09/2011,0.18
19/09/2011,0.16
20/09/2011,0.18
21/09/2011,0.21
22/09/2011,0.2
23/09/2011,0.23
26/09/2011,0.25
27/09/2011,0.25
28/09/2011,0.27
29/09/2011,0.27
30/09/2011,0.25
3/10/2011,0.24
4/10/2011,0.25
5/10/2011,0.25
6/10/2011,0.29
7/10/2011,0.3
10/10/2011,.
11/10/2011,0.32
12/10/2011,0.29
13/10/2011,0.29
14/10/2011,0.28
17/10/2011,0.28
18/10/2011,0.28
19/10/2011,0.28
20/10/2011,0.28
21/10/2011,0.3
24/10/2011,0.3
25/10/2011,0.26
26/10/2011,0.28
27/10/2011,0.31
28/10/2011,0.28
31/10/2011,0.25
1/11/2011,0.23
2/11/2011,0.23
3/11/2011,0.24
4/11/2011,0.22
7/11/2011,0.25
8/11/2011,0.25
9/11/2011,0.24
10/11/2011,0.24
11/11/2011,.
14/11/2011,0.24
15/11/2011,0.26
16/11/2011,0.26
17/11/2011,0.27
18/11/2011,0.29
21/11/2011,0.27
22/11/2011,0.26
23/11/2011,0.26
24/11/2011,.
25/11/2011,0.28
28/11/2011,0.26
29/11/2011,0.27
30/11/2011,0.25
1/12/2011,0.27
2/12/2011,0.25
5/12/2011,0.27
6/12/2011,0.25
7/12/2011,0.24
8/12/2011,0.22
9/12/2011,0.22
12/12/2011,0.24
13/12/2011,0.24
14/12/2011,0.25
15/12/2011,0.26
16/12/2011,0.24
19/12/2011,0.24
20/12/2011,0.26
21/12/2011,0.28
22/12/2011,0.28
23/12/2011,0.28
26/12/2011,.
27/12/2011,0.3
28/12/2011,0.28
29/12/2011,0.28
30/12/2011,0.25
2/01/2012,.
3/01/2012,0.27
4/01/2012,0.25
5/01/2012,0.27
6/01/2012,0.25
9/01/2012,0.26
10/01/2012,0.24
11/01/2012,0.24
12/01/2012,0.22
13/01/2012,0.24
16/01/2012,.
17/01/2012,0.21
18/01/2012,0.24
19/01/2012,0.26
20/01/2012,0.26
23/01/2012,0.26
24/01/2012,0.24
25/01/2012,0.22
26/01/2012,0.22
27/01/2012,0.22
30/01/2012,0.22
31/01/2012,0.22
1/02/2012,0.23
2/02/2012,0.23
3/02/2012,0.23
6/02/2012,0.24
7/02/2012,0.25
8/02/2012,0.27
9/02/2012,0.27
10/02/2012,0.27
13/02/2012,0.29
14/02/2012,0.29
15/02/2012,0.29
16/02/2012,0.29
17/02/2012,0.29
20/02/2012,.
21/02/2012,0.31
22/02/2012,0.29
23/02/2012,0.31
24/02/2012,0.31
27/02/2012,0.3
28/02/2012,0.3
29/02/2012,0.3
1/03/2012,0.3
2/03/2012,0.28
5/03/2012,0.31
6/03/2012,0.3
7/03/2012,0.3
8/03/2012,0.32
9/03/2012,0.33
12/03/2012,0.33
13/03/2012,0.35
14/03/2012,0.4
15/03/2012,0.37
16/03/2012,0.37
19/03/2012,0.39
20/03/2012,0.41
21/03/2012,0.39
22/03/2012,0.37
23/03/2012,0.37
26/03/2012,0.36
27/03/2012,0.33
28/03/2012,0.34
29/03/2012,0.33
30/03/2012,0.33
2/04/2012,0.33
3/04/2012,0.36
4/04/2012,0.35
5/04/2012,0.35
6/04/2012,0.32
9/04/2012,0.32
10/04/2012,0.28
11/04/2012,0.3
12/04/2012,0.29
13/04/2012,0.27
16/04/2012,0.27
17/04/2012,0.27
18/04/2012,0.27
19/04/2012,0.27
20/04/2012,0.29
23/04/2012,0.27
24/04/2012,0.27
25/04/2012,0.26
26/04/2012,0.26
27/04/2012,0.26
30/04/2012,0.27
1/05/2012,0.27
2/05/2012,0.27
3/05/2012,0.28
4/05/2012,0.27
7/05/2012,0.27
8/05/2012,0.27
9/05/2012,0.27
10/05/2012,0.27
11/05/2012,0.27
14/05/2012,0.29
15/05/2012,0.29
16/05/2012,0.3
17/05/2012,0.32
18/05/2012,0.32
21/05/2012,0.3
22/05/2012,0.3
23/05/2012,0.28
24/05/2012,0.29
25/05/2012,0.3
28/05/2012,.
29/05/2012,0.3
30/05/2012,0.27
31/05/2012,0.27
1/06/2012,0.25
4/06/2012,0.25
5/06/2012,0.25
6/06/2012,0.26
7/06/2012,0.27
8/06/2012,0.28
11/06/2012,0.27
12/06/2012,0.3
13/06/2012,0.3
14/06/2012,0.3
15/06/2012,0.29
18/06/2012,0.29
19/06/2012,0.3
20/06/2012,0.32
21/06/2012,0.32
22/06/2012,0.31
25/06/2012,0.31
26/06/2012,0.31
27/06/2012,0.31
28/06/2012,0.31
29/06/2012,0.33
2/07/2012,0.3
3/07/2012,0.3
4/07/2012,.
5/07/2012,0.28
6/07/2012,0.27
9/07/2012,0.27
10/07/2012,0.27
11/07/2012,0.27
12/07/2012,0.25
13/07/2012,0.25
16/07/2012,0.24
17/07/2012,0.25
18/07/2012,0.22
19/07/2012,0.22
20/07/2012,0.22
23/07/2012,0.22
24/07/2012,0.22
25/07/2012,0.22
26/07/2012,0.23
27/07/2012,0.25
30/07/2012,0.23
31/07/2012,0.23
1/08/2012,0.24
2/08/2012,0.24
3/08/2012,0.24
6/08/2012,0.24
7/08/2012,0.27
8/08/2012,0.29
9/08/2012,0.29
10/08/2012,0.27
13/08/2012,0.27
14/08/2012,0.27
15/08/2012,0.27
16/08/2012,0.29
17/08/2012,0.29
20/08/2012,0.29
21/08/2012,0.31
22/08/2012,0.26
23/08/2012,0.26
24/08/2012,0.28
27/08/2012,0.28
28/08/2012,0.27
29/08/2012,0.27
30/08/2012,0.27
31/08/2012,0.22
3/09/2012,.
4/09/2012,0.23
5/09/2012,0.25
6/09/2012,0.27
7/09/2012,0.25
10/09/2012,0.25
11/09/2012,0.25
12/09/2012,0.25
13/09/2012,0.24
14/09/2012,0.27
17/09/2012,0.25
18/09/2012,0.25
19/09/2012,0.27
20/09/2012,0.27
21/09/2012,0.27
24/09/2012,0.27
25/09/2012,0.27
26/09/2012,0.26
27/09/2012,0.25
28/09/2012,0.23
1/10/2012,0.25
2/10/2012,0.23
3/10/2012,0.23
4/10/2012,0.23
5/10/2012,0.27
8/10/2012,.
9/10/2012,0.25
10/10/2012,0.27
11/10/2012,0.28
12/10/2012,0.27
15/10/2012,0.27
16/10/2012,0.27
17/10/2012,0.3
18/10/2012,0.29
19/10/2012,0.3
22/10/2012,0.32
23/10/2012,0.29
24/10/2012,0.29
25/10/2012,0.31
26/10/2012,0.3
29/10/2012,0.3
30/10/2012,.
31/10/2012,0.3
1/11/2012,0.3
2/11/2012,0.28
5/11/2012,0.28
6/11/2012,0.3
7/11/2012,0.27
8/11/2012,0.27
9/11/2012,0.27
12/11/2012,.
13/11/2012,0.27
14/11/2012,0.25
15/11/2012,0.24
16/11/2012,0.24
19/11/2012,0.25
20/11/2012,0.27
21/11/2012,0.27
22/11/2012,.
23/11/2012,0.29
26/11/2012,0.27
27/11/2012,0.27
28/11/2012,0.27
29/11/2012,0.25
30/11/2012,0.25
3/12/2012,0.25
4/12/2012,0.25
5/12/2012,0.25
6/12/2012,0.25
7/12/2012,0.25
10/12/2012,0.24
11/12/2012,0.24
12/12/2012,0.25
13/12/2012,0.27
14/12/2012,0.24
17/12/2012,0.25
18/12/2012,0.28
19/12/2012,0.28
20/12/2012,0.28
21/12/2012,0.26
24/12/2012,0.26
25/12/2012,.
26/12/2012,0.26
27/12/2012,0.26
28/12/2012,0.27
31/12/2012,0.25
1/01/2013,.
2/01/2013,0.27
3/01/2013,0.27
4/01/2013,0.27
7/01/2013,0.27
8/01/2013,0.25
9/01/2013,0.24
10/01/2013,0.26
11/01/2013,0.26
14/01/2013,0.26
15/01/2013,0.26
16/01/2013,0.26
17/01/2013,0.28
18/01/2013,0.26
21/01/2013,.
22/01/2013,0.26
23/01/2013,0.26
24/01/2013,0.23
25/01/2013,0.28
28/01/2013,0.29
29/01/2013,0.3
30/01/2013,0.27
31/01/2013,0.27
1/02/2013,0.27
4/02/2013,0.25
5/02/2013,0.27
6/02/2013,0.27
7/02/2013,0.25
8/02/2013,0.25
11/02/2013,0.27
12/02/2013,0.29
13/02/2013,0.29
14/02/2013,0.27
15/02/2013,0.29
18/02/2013,.
19/02/2013,0.29
20/02/2013,0.27
21/02/2013,0.26
22/02/2013,0.27
25/02/2013,0.25
26/02/2013,0.25
27/02/2013,0.27
28/02/2013,0.25
1/03/2013,0.25
4/03/2013,0.24
5/03/2013,0.25
6/03/2013,0.25
7/03/2013,0.25
8/03/2013,0.27
11/03/2013,0.27
12/03/2013,0.27
13/03/2013,0.27
14/03/2013,0.27
15/03/2013,0.25
18/03/2013,0.26
19/03/2013,0.24
20/03/2013,0.26
21/03/2013,0.27
22/03/2013,0.26
25/03/2013,0.24
26/03/2013,0.25
27/03/2013,0.25
28/03/2013,0.25
29/03/2013,.
1/04/2013,0.23
2/04/2013,0.25
3/04/2013,0.24
4/04/2013,0.22
5/04/2013,0.24
8/04/2013,0.24
9/04/2013,0.24
10/04/2013,0.24
11/04/2013,0.24
12/04/2013,0.22
15/04/2013,0.22
16/04/2013,0.24
17/04/2013,0.24
18/04/2013,0.24
19/04/2013,0.24
22/04/2013,0.24
23/04/2013,0.23
24/04/2013,0.23
25/04/2013,0.23
26/04/2013,0.22
29/04/2013,0.2
30/04/2013,0.22
1/05/2013,0.2
2/05/2013,0.2
3/05/2013,0.22
6/05/2013,0.22
7/05/2013,0.22
8/05/2013,0.22
9/05/2013,0.22
10/05/2013,0.26
13/05/2013,0.24
14/05/2013,0.26
15/05/2013,0.26
16/05/2013,0.23
17/05/2013,0.26
20/05/2013,0.26
21/05/2013,0.26
22/05/2013,0.26
23/05/2013,0.26
24/05/2013,0.26
27/05/2013,.
28/05/2013,0.29
29/05/2013,0.3
30/05/2013,0.31
31/05/2013,0.3
3/06/2013,0.3
4/06/2013,0.32
5/06/2013,0.3
6/06/2013,0.3
7/06/2013,0.32
10/06/2013,0.32
11/06/2013,0.34
12/06/2013,0.34
13/06/2013,0.32
14/06/2013,0.29
17/06/2013,0.27
18/06/2013,0.27
19/06/2013,0.31
20/06/2013,0.33
21/06/2013,0.38
24/06/2013,0.42
25/06/2013,0.43
26/06/2013,0.39
27/06/2013,0.36
28/06/2013,0.36
1/07/2013,0.34
2/07/2013,0.34
3/07/2013,0.36
4/07/2013,.
5/07/2013,0.4
8/07/2013,0.37
9/07/2013,0.37
10/07/2013,0.38
11/07/2013,0.34
12/07/2013,0.37
15/07/2013,0.34
16/07/2013,0.34
17/07/2013,0.32
18/07/2013,0.32
19/07/2013,0.32
22/07/2013,0.32
23/07/2013,0.33
24/07/2013,0.34
25/07/2013,0.32
26/07/2013,0.31
29/07/2013,0.33
30/07/2013,0.33
31/07/2013,0.31
1/08/2013,0.35
2/08/2013,0.3
5/08/2013,0.32
6/08/2013,0.32
7/08/2013,0.32
8/08/2013,0.3
9/08/2013,0.32
12/08/2013,0.32
13/08/2013,0.34
14/08/2013,0.34
15/08/2013,0.36
16/08/2013,0.36
19/08/2013,0.36
20/08/2013,0.36
21/08/2013,0.38
22/08/2013,0.42
23/08/2013,0.4
26/08/2013,0.41
27/08/2013,0.38
28/08/2013,0.4
29/08/2013,0.39
30/08/2013,0.39
2/09/2013,.
3/09/2013,0.43
4/09/2013,0.46
5/09/2013,0.52
6/09/2013,0.46
9/09/2013,0.45
10/09/2013,0.5
11/09/2013,0.47
12/09/2013,0.45
13/09/2013,0.45
16/09/2013,0.41
17/09/2013,0.39
18/09/2013,0.34
19/09/2013,0.34
20/09/2013,0.34
23/09/2013,0.35
24/09/2013,0.35
25/09/2013,0.36
26/09/2013,0.34
27/09/2013,0.34
30/09/2013,0.33
1/10/2013,0.33
2/10/2013,0.31
3/10/2013,0.33
4/10/2013,0.33
7/10/2013,0.37
8/10/2013,0.4
9/10/2013,0.37
10/10/2013,0.35
11/10/2013,0.35
14/10/2013,.
15/10/2013,0.37
16/10/2013,0.34
17/10/2013,0.33
18/10/2013,0.33
21/10/2013,0.33
22/10/2013,0.31
23/10/2013,0.31
24/10/2013,0.33
25/10/2013,0.32
28/10/2013,0.32
29/10/2013,0.31
30/10/2013,0.33
31/10/2013,0.31
1/11/2013,0.33
4/11/2013,0.32
5/11/2013,0.32
6/11/2013,0.3
7/11/2013,0.29
8/11/2013,0.32
11/11/2013,.
12/11/2013,0.34
13/11/2013,0.32
14/11/2013,0.29
15/11/2013,0.31
18/11/2013,0.31
19/11/2013,0.29
20/11/2013,0.28
21/11/2013,0.29
22/11/2013,0.31
25/11/2013,0.3
26/11/2013,0.29
27/11/2013,0.28
28/11/2013,.
29/11/2013,0.28
2/12/2013,0.3
3/12/2013,0.28
4/12/2013,0.3
5/12/2013,0.3
6/12/2013,0.3
9/12/2013,0.3
10/12/2013,0.3
11/12/2013,0.31
12/12/2013,0.34
13/12/2013,0.34
16/12/2013,0.34
17/12/2013,0.34
18/12/2013,0.32
19/12/2013,0.35
20/12/2013,0.37
23/12/2013,0.38
24/12/2013,0.38
25/12/2013,.
26/12/2013,0.42
27/12/2013,0.4
30/12/2013,0.39
31/12/2013,0.38
1/01/2014,.
2/01/2014,0.39
3/01/2014,0.41
6/01/2014,0.4
7/01/2014,0.4
8/01/2014,0.43
9/01/2014,0.44
10/01/2014,0.39
13/01/2014,0.39
14/01/2014,0.39
15/01/2014,0.41
16/01/2014,0.41
17/01/2014,0.4
20/01/2014,.
21/01/2014,0.4
22/01/2014,0.44
23/01/2014,0.39
24/01/2014,0.37
27/01/2014,0.37
28/01/2014,0.38
29/01/2014,0.36
30/01/2014,0.36
31/01/2014,0.34
3/02/2014,0.3
4/02/2014,0.31
5/02/2014,0.32
6/02/2014,0.33
7/02/2014,0.3
10/02/2014,0.32
11/02/2014,0.35
12/02/2014,0.35
13/02/2014,0.32
14/02/2014,0.32
17/02/2014,.
18/02/2014,0.31
19/02/2014,0.33
20/02/2014,0.34
21/02/2014,0.33
24/02/2014,0.35
25/02/2014,0.34
26/02/2014,0.33
27/02/2014,0.33
28/02/2014,0.33
3/03/2014,0.32
4/03/2014,0.33
5/03/2014,0.33
6/03/2014,0.37
7/03/2014,0.38
10/03/2014,0.37
11/03/2014,0.37
12/03/2014,0.37
13/03/2014,0.34
14/03/2014,0.36
17/03/2014,0.38
18/03/2014,0.36
19/03/2014,0.47
20/03/2014,0.45
21/03/2014,0.45
24/03/2014,0.47
25/03/2014,0.47
26/03/2014,0.45
27/03/2014,0.45
28/03/2014,0.45
31/03/2014,0.44
1/04/2014,0.44
2/04/2014,0.47
3/04/2014,0.46
4/04/2014,0.43
7/04/2014,0.41
8/04/2014,0.4
9/04/2014,0.37
10/04/2014,0.37
11/04/2014,0.37
14/04/2014,0.37
15/04/2014,0.39
16/04/2014,0.39
17/04/2014,0.43
18/04/2014,.
21/04/2014,0.42
22/04/2014,0.45
23/04/2014,0.43
24/04/2014,0.43
25/04/2014,0.43
28/04/2014,0.44
29/04/2014,0.44
30/04/2014,0.42
1/05/2014,0.41
2/05/2014,0.42
5/05/2014,0.43
6/05/2014,0.43
7/05/2014,0.41
8/05/2014,0.4
9/05/2014,0.4
12/05/2014,0.41
13/05/2014,0.39
14/05/2014,0.39
15/05/2014,0.38
16/05/2014,0.38
19/05/2014,0.36
20/05/2014,0.35
21/05/2014,0.37
22/05/2014,0.37
23/05/2014,0.37
26/05/2014,.
27/05/2014,0.39
28/05/2014,0.37
29/05/2014,0.37
30/05/2014,0.37
2/06/2014,0.39
3/06/2014,0.41
4/06/2014,0.41
5/06/2014,0.4
6/06/2014,0.41
9/06/2014,0.43
10/06/2014,0.45
11/06/2014,0.44
12/06/2014,0.42
13/06/2014,0.45
16/06/2014,0.49
17/06/2014,0.51
18/06/2014,0.48
19/06/2014,0.48
20/06/2014,0.5
23/06/2014,0.48
24/06/2014,0.49
25/06/2014,0.48
26/06/2014,0.46
27/06/2014,0.45
30/06/2014,0.47
1/07/2014,0.47
2/07/2014,0.49
3/07/2014,0.52
4/07/2014,.
7/07/2014,0.52
8/07/2014,0.51
9/07/2014,0.51
10/07/2014,0.46
11/07/2014,0.48
14/07/2014,0.48
15/07/2014,0.49
16/07/2014,0.5
17/07/2014,0.47
18/07/2014,0.51
21/07/2014,0.51
22/07/2014,0.49
23/07/2014,0.5
24/07/2014,0.53
25/07/2014,0.53
28/07/2014,0.54
29/07/2014,0.54
30/07/2014,0.56
31/07/2014,0.53
1/08/2014,0.47
4/08/2014,0.47
5/08/2014,0.47
6/08/2014,0.48
7/08/2014,0.44
8/08/2014,0.45
11/08/2014,0.47
12/08/2014,0.45
13/08/2014,0.43
14/08/2014,0.42
15/08/2014,0.42
18/08/2014,0.44
19/08/2014,0.46
20/08/2014,0.49
21/08/2014,0.49
22/08/2014,0.53
25/08/2014,0.53
26/08/2014,0.52
27/08/2014,0.51
28/08/2014,0.5
29/08/2014,0.48
1/09/2014,.
2/09/2014,0.53
3/09/2014,0.52
4/09/2014,0.54
5/09/2014,0.52
8/09/2014,0.54
9/09/2014,0.56
10/09/2014,0.58
11/09/2014,0.58
12/09/2014,0.58
15/09/2014,0.58
16/09/2014,0.55
17/09/2014,0.59
18/09/2014,0.59
19/09/2014,0.59
22/09/2014,0.58
23/09/2014,0.57
24/09/2014,0.59
25/09/2014,0.56
26/09/2014,0.59
29/09/2014,0.58
30/09/2014,0.58
1/10/2014,0.53
2/10/2014,0.53
3/10/2014,0.57
6/10/2014,0.54
7/10/2014,0.52
8/10/2014,0.46
9/10/2014,0.46
10/10/2014,0.45
13/10/2014,.
14/10/2014,0.39
15/10/2014,0.34
16/10/2014,0.35
17/10/2014,0.39
20/10/2014,0.37
21/10/2014,0.38
22/10/2014,0.41
23/10/2014,0.41
24/10/2014,0.41
27/10/2014,0.41
28/10/2014,0.42
29/10/2014,0.48
30/10/2014,0.48
31/10/2014,0.5
3/11/2014,0.52
4/11/2014,0.52
5/11/2014,0.52
6/11/2014,0.54
7/11/2014,0.51
10/11/2014,0.55
11/11/2014,.
12/11/2014,0.55
13/11/2014,0.53
14/11/2014,0.54
17/11/2014,0.54
18/11/2014,0.53
19/11/2014,0.54
20/11/2014,0.53
21/11/2014,0.53
24/11/2014,0.53
25/11/2014,0.51
26/11/2014,0.53
27/11/2014,.
28/11/2014,0.47
1/12/2014,0.49
2/12/2014,0.55
3/12/2014,0.57
4/12/2014,0.55
5/12/2014,0.65
8/12/2014,0.64
9/12/2014,0.64
10/12/2014,0.59
11/12/2014,0.62
12/12/2014,0.56
15/12/2014,0.6
16/12/2014,0.58
17/12/2014,0.62
18/12/2014,0.67
19/12/2014,0.67
22/12/2014,0.71
23/12/2014,0.73
24/12/2014,0.73
25/12/2014,.
26/12/2014,0.73
29/12/2014,0.72
30/12/2014,0.69
31/12/2014,0.67
1/01/2015,.
2/01/2015,0.66
5/01/2015,0.68
6/01/2015,0.65
7/01/2015,0.62
8/01/2015,0.62
9/01/2015,0.59
12/01/2015,0.56
13/01/2015,0.54
14/01/2015,0.51
15/01/2015,0.44
16/01/2015,0.49
19/01/2015,.
20/01/2015,0.53
21/01/2015,0.53
22/01/2015,0.53
23/01/2015,0.52
26/01/2015,0.54
27/01/2015,0.54
28/01/2015,0.5
29/01/2015,0.51
30/01/2015,0.47
2/02/2015,0.49
3/02/2015,0.52
4/02/2015,0.52
5/02/2015,0.52
6/02/2015,0.65
9/02/2015,0.65
10/02/2015,0.67
11/02/2015,0.67
12/02/2015,0.61
13/02/2015,0.66
16/02/2015,.
17/02/2015,0.7
18/02/2015,0.62
19/02/2015,0.67
20/02/2015,0.67
23/02/2015,0.64
24/02/2015,0.6
25/02/2015,0.61
26/02/2015,0.66
27/02/2015,0.63
2/03/2015,0.66
3/03/2015,0.68
4/03/2015,0.66
5/03/2015,0.65
6/03/2015,0.73
9/03/2015,0.7
10/03/2015,0.7
11/03/2015,0.7
12/03/2015,0.67
13/03/2015,0.68
16/03/2015,0.66
17/03/2015,0.7
18/03/2015,0.57
19/03/2015,0.63
20/03/2015,0.6
23/03/2015,0.6
24/03/2015,0.58
25/03/2015,0.59
26/03/2015,0.61
27/03/2015,0.58
30/03/2015,0.58
31/03/2015,0.56
1/04/2015,0.55
2/04/2015,0.55
3/04/2015,0.49
6/04/2015,0.51
7/04/2015,0.52
8/04/2015,0.54
9/04/2015,0.56
10/04/2015,0.57
13/04/2015,0.54
14/04/2015,0.53
15/04/2015,0.51
16/04/2015,0.5
17/04/2015,0.51
20/04/2015,0.55
21/04/2015,0.55
22/04/2015,0.57
23/04/2015,0.55
24/04/2015,0.54
27/04/2015,0.54
28/04/2015,0.56
29/04/2015,0.56
30/04/2015,0.58
1/05/2015,0.6
4/05/2015,0.6
5/05/2015,0.62
6/05/2015,0.65
7/05/2015,0.63
8/05/2015,0.59
11/05/2015,0.62
12/05/2015,0.61
13/05/2015,0.59
14/05/2015,0.56
15/05/2015,0.55
18/05/2015,0.58
19/05/2015,0.63
20/05/2015,0.6
21/05/2015,0.6
22/05/2015,0.64
25/05/2015,.
26/05/2015,0.64
27/05/2015,0.64
28/05/2015,0.62
29/05/2015,0.61
1/06/2015,0.64
2/06/2015,0.64
3/06/2015,0.69
4/06/2015,0.66
5/06/2015,0.73
8/06/2015,0.7
9/06/2015,0.72
10/06/2015,0.75
11/06/2015,0.73
12/06/2015,0.74
15/06/2015,0.72
16/06/2015,0.71
17/06/2015,0.67
18/06/2015,0.66
19/06/2015,0.65
22/06/2015,0.68
23/06/2015,0.7
24/06/2015,0.68
25/06/2015,0.68
26/06/2015,0.72
29/06/2015,0.64
30/06/2015,0.64
1/07/2015,0.69
2/07/2015,0.64
3/07/2015,.
6/07/2015,0.6
7/07/2015,0.58
8/07/2015,0.55
9/07/2015,0.6
10/07/2015,0.65
13/07/2015,0.69
14/07/2015,0.66
15/07/2015,0.64
16/07/2015,0.67
17/07/2015,0.68
20/07/2015,0.71
21/07/2015,0.71
22/07/2015,0.75
23/07/2015,0.71
24/07/2015,0.7
27/07/2015,0.68
28/07/2015,0.69
29/07/2015,0.7
30/07/2015,0.72
31/07/2015,0.67
3/08/2015,0.68
4/08/2015,0.74
5/08/2015,0.73
6/08/2015,0.71
7/08/2015,0.73
10/08/2015,0.73
11/08/2015,0.68
12/08/2015,0.67
13/08/2015,0.72
14/08/2015,0.73
17/08/2015,0.72
18/08/2015,0.74
19/08/2015,0.67
20/08/2015,0.69
21/08/2015,0.64
24/08/2015,0.59
25/08/2015,0.67
26/08/2015,0.67
27/08/2015,0.68
28/08/2015,0.72
31/08/2015,0.74
1/09/2015,0.7
2/09/2015,0.72
3/09/2015,0.71
4/09/2015,0.71
7/09/2015,.
8/09/2015,0.74
9/09/2015,0.75
10/09/2015,0.75
11/09/2015,0.71
14/09/2015,0.73
15/09/2015,0.82
16/09/2015,0.82
17/09/2015,0.7
18/09/2015,0.69
21/09/2015,0.72
22/09/2015,0.69
23/09/2015,0.7
24/09/2015,0.67
25/09/2015,0.7
28/09/2015,0.67
29/09/2015,0.64
30/09/2015,0.64
1/10/2015,0.64
2/10/2015,0.58
5/10/2015,0.61
6/10/2015,0.61
7/10/2015,0.65
8/10/2015,0.65
9/10/2015,0.65
12/10/2015,.
13/10/2015,0.64
14/10/2015,0.57
15/10/2015,0.61
16/10/2015,0.61
19/10/2015,0.61
20/10/2015,0.66
21/10/2015,0.64
22/10/2015,0.61
23/10/2015,0.66
26/10/2015,0.66
27/10/2015,0.65
28/10/2015,0.73
29/10/2015,0.75
30/10/2015,0.75
2/11/2015,0.77
3/11/2015,0.8
4/11/2015,0.84
5/11/2015,0.85
6/11/2015,0.9
9/11/2015,0.89
10/11/2015,0.87
11/11/2015,.
12/11/2015,0.89
13/11/2015,0.86
16/11/2015,0.88
17/11/2015,0.86
18/11/2015,0.9
19/11/2015,0.91
20/11/2015,0.93
23/11/2015,0.94
24/11/2015,0.93
25/11/2015,0.93
26/11/2015,.
27/11/2015,0.92
30/11/2015,0.94
1/12/2015,0.91
2/12/2015,0.94
3/12/2015,0.96
4/12/2015,0.96
7/12/2015,0.94
8/12/2015,0.94
9/12/2015,0.93
10/12/2015,0.95
11/12/2015,0.88
14/12/2015,0.97
15/12/2015,0.98
16/12/2015,1.02
17/12/2015,1
18/12/2015,0.97
21/12/2015,0.96
22/12/2015,0.99
23/12/2015,1.01
24/12/2015,1.03
25/12/2015,.
28/12/2015,1.05
29/12/2015,1.09
30/12/2015,1.08
31/12/2015,1.06
1/01/2016,.
4/01/2016,1.02
5/01/2016,1.04
6/01/2016,0.99
7/01/2016,0.96
8/01/2016,0.94
11/01/2016,0.94
12/01/2016,0.93
13/01/2016,0.91
14/01/2016,0.9
15/01/2016,0.85
18/01/2016,.
19/01/2016,0.88
20/01/2016,0.85
21/01/2016,0.84
22/01/2016,0.88
25/01/2016,0.88
26/01/2016,0.85
27/01/2016,0.84
28/01/2016,0.83
29/01/2016,0.76
1/02/2016,0.81
2/02/2016,0.75
3/02/2016,0.72
4/02/2016,0.7
5/02/2016,0.74
8/02/2016,0.66
9/02/2016,0.69
10/02/2016,0.71
11/02/2016,0.64
12/02/2016,0.71
15/02/2016,.
16/02/2016,0.74
17/02/2016,0.74
18/02/2016,0.71
19/02/2016,0.76
22/02/2016,0.78
23/02/2016,0.76
24/02/2016,0.75
25/02/2016,0.72
26/02/2016,0.8
29/02/2016,0.78
1/03/2016,0.85
2/03/2016,0.85
3/03/2016,0.85
4/03/2016,0.88
7/03/2016,0.91
8/03/2016,0.88
9/03/2016,0.9
10/03/2016,0.93
11/03/2016,0.97
14/03/2016,0.97
15/03/2016,0.98
16/03/2016,0.87
17/03/2016,0.87
18/03/2016,0.84
21/03/2016,0.87
22/03/2016,0.91
23/03/2016,0.87
24/03/2016,0.89
25/03/2016,.
28/03/2016,0.89
29/03/2016,0.78
30/03/2016,0.76
31/03/2016,0.73
1/04/2016,0.76
4/04/2016,0.75
5/04/2016,0.72
6/04/2016,0.73
7/04/2016,0.7
8/04/2016,0.7
11/04/2016,0.7
12/04/2016,0.74
13/04/2016,0.75
14/04/2016,0.77
15/04/2016,0.74
18/04/2016,0.75
19/04/2016,0.77
20/04/2016,0.8
21/04/2016,0.82
22/04/2016,0.84
25/04/2016,0.85
26/04/2016,0.86
27/04/2016,0.83
28/04/2016,0.78
29/04/2016,0.77
2/05/2016,0.8
3/05/2016,0.75
4/05/2016,0.75
5/05/2016,0.72
6/05/2016,0.74
9/05/2016,0.72
10/05/2016,0.72
11/05/2016,0.74
12/05/2016,0.76
13/05/2016,0.76
16/05/2016,0.79
17/05/2016,0.82
18/05/2016,0.9
19/05/2016,0.89
20/05/2016,0.89
23/05/2016,0.91
24/05/2016,0.92
25/05/2016,0.92
26/05/2016,0.87
27/05/2016,0.9
30/05/2016,.
31/05/2016,0.87
1/06/2016,0.91
2/06/2016,0.89
3/06/2016,0.78
6/06/2016,0.8
7/06/2016,0.78
8/06/2016,0.78
9/06/2016,0.77
10/06/2016,0.73
13/06/2016,0.73
14/06/2016,0.74
15/06/2016,0.69
16/06/2016,0.7
17/06/2016,0.7
20/06/2016,0.74
21/06/2016,0.76
22/06/2016,0.75
23/06/2016,0.78
24/06/2016,0.64
27/06/2016,0.61
28/06/2016,0.61
29/06/2016,0.62
30/06/2016,0.58
1/07/2016,0.59
4/07/2016,.
5/07/2016,0.56
6/07/2016,0.58
7/07/2016,0.58
8/07/2016,0.61
11/07/2016,0.66
12/07/2016,0.69
13/07/2016,0.68
14/07/2016,0.68
15/07/2016,0.71
18/07/2016,0.68
19/07/2016,0.7
20/07/2016,0.73
21/07/2016,0.7
22/07/2016,0.71
25/07/2016,0.72
26/07/2016,0.75
27/07/2016,0.73
28/07/2016,0.72
29/07/2016,0.67
1/08/2016,0.67
2/08/2016,0.67
3/08/2016,0.67
4/08/2016,0.64
5/08/2016,0.72
8/08/2016,0.74
9/08/2016,0.71
10/08/2016,0.69
11/08/2016,0.76
12/08/2016,0.71
15/08/2016,0.72
16/08/2016,0.76
17/08/2016,0.74
18/08/2016,0.71
19/08/2016,0.76
22/08/2016,0.76
23/08/2016,0.74
24/08/2016,0.76
25/08/2016,0.78
26/08/2016,0.84
29/08/2016,0.81
30/08/2016,0.8
31/08/2016,0.8
1/09/2016,0.78
2/09/2016,0.8
5/09/2016,.
6/09/2016,0.74
7/09/2016,0.74
8/09/2016,0.78
9/09/2016,0.79
12/09/2016,0.79
13/09/2016,0.8
14/09/2016,0.77
15/09/2016,0.74
16/09/2016,0.77
19/09/2016,0.79
20/09/2016,0.79
21/09/2016,0.79
22/09/2016,0.79
23/09/2016,0.77
26/09/2016,0.76
27/09/2016,0.75
28/09/2016,0.75
29/09/2016,0.73
30/09/2016,0.77
3/10/2016,0.8
4/10/2016,0.82
5/10/2016,0.85
6/10/2016,0.86
7/10/2016,0.83
10/10/2016,.
11/10/2016,0.87
12/10/2016,0.87
13/10/2016,0.85
14/10/2016,0.84
17/10/2016,0.81
18/10/2016,0.82
19/10/2016,0.81
20/10/2016,0.84
21/10/2016,0.84
24/10/2016,0.84
25/10/2016,0.86
26/10/2016,0.86
27/10/2016,0.87
28/10/2016,0.86
31/10/2016,0.86
1/11/2016,0.83
2/11/2016,0.81
3/11/2016,0.81
4/11/2016,0.8
7/11/2016,0.82
8/11/2016,0.87
9/11/2016,0.9
10/11/2016,0.92
11/11/2016,.
14/11/2016,1
15/11/2016,1.02
16/11/2016,1
17/11/2016,1.04
18/11/2016,1.07
21/11/2016,1.08
22/11/2016,1.07
23/11/2016,1.12
24/11/2016,.
25/11/2016,1.12
28/11/2016,1.11
29/11/2016,1.09
30/11/2016,1.11
1/12/2016,1.14
2/12/2016,1.11
5/12/2016,1.13
6/12/2016,1.12
7/12/2016,1.1
8/12/2016,1.12
9/12/2016,1.15
12/12/2016,1.15
13/12/2016,1.17
14/12/2016,1.27
15/12/2016,1.29
16/12/2016,1.28
19/12/2016,1.24
20/12/2016,1.25
21/12/2016,1.21
22/12/2016,1.22
23/12/2016,1.22
26/12/2016,.
27/12/2016,1.28
28/12/2016,1.26
29/12/2016,1.22
30/12/2016,1.2
2/01/2017,.
3/01/2017,1.22
4/01/2017,1.24
5/01/2017,1.17
6/01/2017,1.22
9/01/2017,1.21
10/01/2017,1.19
11/01/2017,1.2
12/01/2017,1.18
13/01/2017,1.21
16/01/2017,.
17/01/2017,1.17
18/01/2017,1.23
19/01/2017,1.25
20/01/2017,1.2
23/01/2017,1.16
24/01/2017,1.21
25/01/2017,1.23
26/01/2017,1.21
27/01/2017,1.22
30/01/2017,1.22
31/01/2017,1.19
1/02/2017,1.22
2/02/2017,1.21
3/02/2017,1.21
6/02/2017,1.16
7/02/2017,1.16
8/02/2017,1.15
9/02/2017,1.2
10/02/2017,1.2
13/02/2017,1.2
14/02/2017,1.25
15/02/2017,1.27
16/02/2017,1.22
17/02/2017,1.21
20/02/2017,.
21/02/2017,1.22
22/02/2017,1.22
23/02/2017,1.18
24/02/2017,1.12
27/02/2017,1.2
28/02/2017,1.22
1/03/2017,1.29
2/03/2017,1.32
3/03/2017,1.32
6/03/2017,1.31
7/03/2017,1.32
8/03/2017,1.36
9/03/2017,1.37
10/03/2017,1.36
13/03/2017,1.4
14/03/2017,1.4
15/03/2017,1.33
16/03/2017,1.35
17/03/2017,1.33
20/03/2017,1.3
21/03/2017,1.27
22/03/2017,1.27
23/03/2017,1.26
24/03/2017,1.26
27/03/2017,1.27
28/03/2017,1.3
29/03/2017,1.26
30/03/2017,1.28
31/03/2017,1.27
3/04/2017,1.24
4/04/2017,1.25
5/04/2017,1.24
6/04/2017,1.24
7/04/2017,1.29
10/04/2017,1.29
11/04/2017,1.24
12/04/2017,1.24
13/04/2017,1.21
14/04/2017,.
17/04/2017,1.21
18/04/2017,1.18
19/04/2017,1.19
20/04/2017,1.21
21/04/2017,1.2
24/04/2017,1.25
25/04/2017,1.29
26/04/2017,1.28
27/04/2017,1.25
28/04/2017,1.28
1/05/2017,1.28
2/05/2017,1.27
3/05/2017,1.3
4/05/2017,1.32
5/05/2017,1.32
8/05/2017,1.33
9/05/2017,1.37
10/05/2017,1.35
11/05/2017,1.35
12/05/2017,1.29
15/05/2017,1.31
16/05/2017,1.29
17/05/2017,1.26
18/05/2017,1.27
19/05/2017,1.28
22/05/2017,1.29
23/05/2017,1.31
24/05/2017,1.29
25/05/2017,1.3
26/05/2017,1.3
29/05/2017,.
30/05/2017,1.28
31/05/2017,1.28
1/06/2017,1.28
2/06/2017,1.28
5/06/2017,1.32
6/06/2017,1.3
7/06/2017,1.32
8/06/2017,1.33
9/06/2017,1.35
12/06/2017,1.35
13/06/2017,1.38
14/06/2017,1.35
15/06/2017,1.35
16/06/2017,1.32
19/06/2017,1.36
20/06/2017,1.36
21/06/2017,1.36
22/06/2017,1.34
23/06/2017,1.34
26/06/2017,1.36
27/06/2017,1.38
28/06/2017,1.34
29/06/2017,1.38
30/06/2017,1.38
3/07/2017,1.41
4/07/2017,.
5/07/2017,1.41
6/07/2017,1.4
7/07/2017,1.4
10/07/2017,1.4
11/07/2017,1.37
12/07/2017,1.35
13/07/2017,1.37
14/07/2017,1.35
17/07/2017,1.36
18/07/2017,1.36
19/07/2017,1.37
20/07/2017,1.37
21/07/2017,1.36
24/07/2017,1.37
25/07/2017,1.4
26/07/2017,1.36
27/07/2017,1.36
28/07/2017,1.34
31/07/2017,1.34
1/08/2017,1.34
2/08/2017,1.36
3/08/2017,1.34
4/08/2017,1.36
7/08/2017,1.36
8/08/2017,1.36
9/08/2017,1.33
10/08/2017,1.33
11/08/2017,1.3
14/08/2017,1.33
15/08/2017,1.35
16/08/2017,1.33
17/08/2017,1.32
18/08/2017,1.33
21/08/2017,1.32
22/08/2017,1.33
23/08/2017,1.32
24/08/2017,1.33
25/08/2017,1.35
28/08/2017,1.33
29/08/2017,1.33
30/08/2017,1.33
31/08/2017,1.33
1/09/2017,1.35
4/09/2017,.
5/09/2017,1.3
6/09/2017,1.3
7/09/2017,1.27
8/09/2017,1.27
11/09/2017,1.32
12/09/2017,1.33
13/09/2017,1.35
14/09/2017,1.37
15/09/2017,1.39
18/09/2017,1.4
19/09/2017,1.4
20/09/2017,1.45
21/09/2017,1.45
22/09/2017,1.46
25/09/2017,1.44
26/09/2017,1.45
27/09/2017,1.47
28/09/2017,1.45
29/09/2017,1.47
2/10/2017,1.49
3/10/2017,1.47
4/10/2017,1.47
5/10/2017,1.49
6/10/2017,1.54
9/10/2017,.
10/10/2017,1.51
11/10/2017,1.51
12/10/2017,1.51
13/10/2017,1.51
16/10/2017,1.54
17/10/2017,1.54
18/10/2017,1.59
19/10/2017,1.58
20/10/2017,1.6
23/10/2017,1.58
24/10/2017,1.6
25/10/2017,1.61
26/10/2017,1.63
27/10/2017,1.59
30/10/2017,1.58
31/10/2017,1.6
1/11/2017,1.61
2/11/2017,1.61
3/11/2017,1.63
6/11/2017,1.61
7/11/2017,1.63
8/11/2017,1.65
9/11/2017,1.63
10/11/2017,1.67
13/11/2017,1.7
14/11/2017,1.68
15/11/2017,1.68
16/11/2017,1.72
17/11/2017,1.73
20/11/2017,1.77
21/11/2017,1.77
22/11/2017,1.74
23/11/2017,.
24/11/2017,1.75
27/11/2017,1.74
28/11/2017,1.75
29/11/2017,1.78
30/11/2017,1.78
1/12/2017,1.78
4/12/2017,1.8
5/12/2017,1.83
6/12/2017,1.78
7/12/2017,1.8
8/12/2017,1.8
11/12/2017,1.82
12/12/2017,1.83
13/12/2017,1.79
14/12/2017,1.82
15/12/2017,1.84
18/12/2017,1.84
19/12/2017,1.87
20/12/2017,1.87
21/12/2017,1.89
22/12/2017,1.91
25/12/2017,.
26/12/2017,1.92
27/12/2017,1.89
28/12/2017,1.91
29/12/2017,1.89
1/01/2018,.
2/01/2018,1.92
3/01/2018,1.94
4/01/2018,1.96
5/01/2018,1.96
8/01/2018,1.96
9/01/2018,1.98
10/01/2018,1.98
11/01/2018,1.98
12/01/2018,1.99
15/01/2018,.
16/01/2018,2.03
17/01/2018,2.05
18/01/2018,2.05
19/01/2018,2.06
22/01/2018,2.08
23/01/2018,2.06
24/01/2018,2.08
25/01/2018,2.08
26/01/2018,2.13
29/01/2018,2.11
30/01/2018,2.13
31/01/2018,2.14
1/02/2018,2.16
2/02/2018,2.15
5/02/2018,2.08
6/02/2018,2.1
7/02/2018,2.15
8/02/2018,2.13
9/02/2018,2.05
12/02/2018,2.09
13/02/2018,2.1
14/02/2018,2.17
15/02/2018,2.19
16/02/2018,2.21
19/02/2018,.
20/02/2018,2.25
21/02/2018,2.26
22/02/2018,2.25
23/02/2018,2.25
26/02/2018,2.22
27/02/2018,2.27
28/02/2018,2.25
1/03/2018,2.22
2/03/2018,2.25
5/03/2018,2.24
6/03/2018,2.25
7/03/2018,2.25
8/03/2018,2.25
9/03/2018,2.27
12/03/2018,2.27
13/03/2018,2.26
14/03/2018,2.26
15/03/2018,2.29
16/03/2018,2.31
19/03/2018,2.31
20/03/2018,2.34
21/03/2018,2.31
22/03/2018,2.29
23/03/2018,2.28
26/03/2018,2.33
27/03/2018,2.26
28/03/2018,2.28
29/03/2018,2.27
30/03/2018,.
2/04/2018,2.25
3/04/2018,2.28
4/04/2018,2.28
5/04/2018,2.3
6/04/2018,2.27
9/04/2018,2.29
10/04/2018,2.32
11/04/2018,2.32
12/04/2018,2.34
13/04/2018,2.37
16/04/2018,2.39
17/04/2018,2.41
18/04/2018,2.42
19/04/2018,2.44
20/04/2018,2.46
23/04/2018,2.49
24/04/2018,2.48
25/04/2018,2.49
26/04/2018,2.49
27/04/2018,2.49
30/04/2018,2.49
1/05/2018,2.5
2/05/2018,2.49
3/05/2018,2.49
4/05/2018,2.51
7/05/2018,2.49
8/05/2018,2.51
9/05/2018,2.54
10/05/2018,2.54
11/05/2018,2.54
14/05/2018,2.55
15/05/2018,2.58
16/05/2018,2.58
17/05/2018,2.57
18/05/2018,2.55
21/05/2018,2.58
22/05/2018,2.59
23/05/2018,2.53
24/05/2018,2.5
25/05/2018,2.48
28/05/2018,.
29/05/2018,2.32
30/05/2018,2.42
31/05/2018,2.4
1/06/2018,2.47
4/06/2018,2.52
5/06/2018,2.49
6/06/2018,2.52
7/06/2018,2.5
8/06/2018,2.5
11/06/2018,2.52
12/06/2018,2.54
13/06/2018,2.59
14/06/2018,2.59
15/06/2018,2.55
18/06/2018,2.56
19/06/2018,2.54
20/06/2018,2.56
21/06/2018,2.56
22/06/2018,2.56
25/06/2018,2.54
26/06/2018,2.53
27/06/2018,2.52
28/06/2018,2.52
29/06/2018,2.52
2/07/2018,2.57
3/07/2018,2.53
4/07/2018,.
5/07/2018,2.55
6/07/2018,2.53
9/07/2018,2.57
10/07/2018,2.59
11/07/2018,2.58
12/07/2018,2.6
13/07/2018,2.59
16/07/2018,2.59
17/07/2018,2.62
18/07/2018,2.6
19/07/2018,2.6
20/07/2018,2.6
23/07/2018,2.64
24/07/2018,2.63
25/07/2018,2.66
26/07/2018,2.69
27/07/2018,2.67
30/07/2018,2.66
31/07/2018,2.67
1/08/2018,2.67
2/08/2018,2.66
3/08/2018,2.63
6/08/2018,2.64
7/08/2018,2.68
8/08/2018,2.68
9/08/2018,2.64
10/08/2018,2.61
13/08/2018,2.61
14/08/2018,2.63
15/08/2018,2.61
16/08/2018,2.63
17/08/2018,2.61
20/08/2018,2.6
21/08/2018,2.61
22/08/2018,2.6
23/08/2018,2.61
24/08/2018,2.63
27/08/2018,2.67
28/08/2018,2.67
29/08/2018,2.67
30/08/2018,2.64
31/08/2018,2.62
3/09/2018,.
4/09/2018,2.66
5/09/2018,2.66
6/09/2018,2.64
7/09/2018,2.71
10/09/2018,2.73
11/09/2018,2.76
12/09/2018,2.74
13/09/2018,2.76
14/09/2018,2.78
17/09/2018,2.78
18/09/2018,2.81
19/09/2018,2.81
20/09/2018,2.81
21/09/2018,2.81
24/09/2018,2.83
25/09/2018,2.83
26/09/2018,2.83
27/09/2018,2.83
28/09/2018,2.81
1/10/2018,2.82
2/10/2018,2.82
3/10/2018,2.85
4/10/2018,2.87
5/10/2018,2.88
8/10/2018,.
9/10/2018,2.88
10/10/2018,2.88
11/10/2018,2.85
12/10/2018,2.85
15/10/2018,2.85
16/10/2018,2.87
17/10/2018,2.89
18/10/2018,2.87
19/10/2018,2.92
22/10/2018,2.92
23/10/2018,2.89
24/10/2018,2.84
25/10/2018,2.86
26/10/2018,2.81
29/10/2018,2.81
30/10/2018,2.84
31/10/2018,2.87
1/11/2018,2.84
2/11/2018,2.91
5/11/2018,2.91
6/11/2018,2.93
7/11/2018,2.96
8/11/2018,2.98
9/11/2018,2.94
12/11/2018,.
13/11/2018,2.89
14/11/2018,2.86
15/11/2018,2.86
16/11/2018,2.81
19/11/2018,2.79
20/11/2018,2.79
21/11/2018,2.81
22/11/2018,.
23/11/2018,2.81
26/11/2018,2.84
27/11/2018,2.83
28/11/2018,2.81
29/11/2018,2.81
30/11/2018,2.8
3/12/2018,2.83
4/12/2018,2.8
5/12/2018,.
6/12/2018,2.75
7/12/2018,2.72
10/12/2018,2.72
11/12/2018,2.78
12/12/2018,2.77
13/12/2018,2.75
14/12/2018,2.73
17/12/2018,2.7
18/12/2018,2.65
19/12/2018,2.63
20/12/2018,2.67
21/12/2018,2.63
24/12/2018,2.55
25/12/2018,.
26/12/2018,2.61
27/12/2018,2.56
28/12/2018,2.52
31/12/2018,2.48
1/01/2019,.
2/01/2019,2.5
3/01/2019,2.39
4/01/2019,2.5
7/01/2019,2.53
8/01/2019,2.58
9/01/2019,2.56
10/01/2019,2.56
11/01/2019,2.55
14/01/2019,2.53
15/01/2019,2.53
16/01/2019,2.55
17/01/2019,2.56
18/01/2019,2.62
21/01/2019,.
22/01/2019,2.58
23/01/2019,2.58
24/01/2019,2.56
25/01/2019,2.6
28/01/2019,2.6
29/01/2019,2.56
30/01/2019,2.52
31/01/2019,2.45
1/02/2019,2.52
4/02/2019,2.53
5/02/2019,2.53
6/02/2019,2.52
7/02/2019,2.48
8/02/2019,2.45
11/02/2019,2.48
12/02/2019,2.5
13/02/2019,2.53
14/02/2019,2.5
15/02/2019,2.52
18/02/2019,.
19/02/2019,2.5
20/02/2019,2.5
21/02/2019,2.53
22/02/2019,2.48
25/02/2019,2.51
26/02/2019,2.48
27/02/2019,2.5
28/02/2019,2.52
1/03/2019,2.55
4/03/2019,2.55
5/03/2019,2.55
6/03/2019,2.52
7/03/2019,2.47
8/03/2019,2.45
11/03/2019,2.47
12/03/2019,2.45
13/03/2019,2.45
14/03/2019,2.46
15/03/2019,2.43
18/03/2019,2.45
19/03/2019,2.46
20/03/2019,2.4
21/03/2019,2.41
22/03/2019,2.31
25/03/2019,2.26
26/03/2019,2.24
27/03/2019,2.22
28/03/2019,2.23
29/03/2019,2.27
1/04/2019,2.33
2/04/2019,2.3
3/04/2019,2.33
4/04/2019,2.33
5/04/2019,2.35
8/04/2019,2.36
9/04/2019,2.35
10/04/2019,2.31
11/04/2019,2.35
12/04/2019,2.4
15/04/2019,2.4
16/04/2019,2.41
17/04/2019,2.4
18/04/2019,2.38
19/04/2019,.
22/04/2019,2.38
23/04/2019,2.36
24/04/2019,2.32
25/04/2019,2.33
26/04/2019,2.28
29/04/2019,2.3
30/04/2019,2.27
1/05/2019,2.31
2/05/2019,2.35
3/05/2019,2.33
6/05/2019,2.31
7/05/2019,2.28
8/05/2019,2.3
9/05/2019,2.26
10/05/2019,2.26
13/05/2019,2.18
14/05/2019,2.2
15/05/2019,2.16
16/05/2019,2.2
17/05/2019,2.2
20/05/2019,2.21
21/05/2019,2.26
22/05/2019,2.23
23/05/2019,2.12
24/05/2019,2.16
27/05/2019,.
28/05/2019,2.12
29/05/2019,2.09
30/05/2019,2.06
31/05/2019,1.95
3/06/2019,1.82
4/06/2019,1.88
5/06/2019,1.83
6/06/2019,1.88
7/06/2019,1.85
10/06/2019,1.9
11/06/2019,1.93
12/06/2019,1.88
13/06/2019,1.83
14/06/2019,1.84
17/06/2019,1.86
18/06/2019,1.86
19/06/2019,1.74
20/06/2019,1.72
21/06/2019,1.77
24/06/2019,1.72
25/06/2019,1.71
26/06/2019,1.77
27/06/2019,1.74
28/06/2019,1.75
1/07/2019,1.78
2/07/2019,1.77
3/07/2019,1.77
4/07/2019,.
5/07/2019,1.87
8/07/2019,1.88
9/07/2019,1.92
10/07/2019,1.82
11/07/2019,1.85
12/07/2019,1.84
15/07/2019,1.83
16/07/2019,1.87
17/07/2019,1.83
18/07/2019,1.77
19/07/2019,1.8
22/07/2019,1.8
23/07/2019,1.83
24/07/2019,1.83
25/07/2019,1.86
26/07/2019,1.86
29/07/2019,1.85
30/07/2019,1.85
31/07/2019,1.89
1/08/2019,1.73
2/08/2019,1.72
5/08/2019,1.59
6/08/2019,1.6
7/08/2019,1.59
8/08/2019,1.62
9/08/2019,1.63
12/08/2019,1.58
13/08/2019,1.66
14/08/2019,1.58
15/08/2019,1.48
16/08/2019,1.48
19/08/2019,1.53
20/08/2019,1.5
21/08/2019,1.56
22/08/2019,1.61
23/08/2019,1.51
26/08/2019,1.54
27/08/2019,1.53
28/08/2019,1.5
29/08/2019,1.53
30/08/2019,1.5
2/09/2019,.
3/09/2019,1.47
4/09/2019,1.43
5/09/2019,1.55
6/09/2019,1.53
9/09/2019,1.58
10/09/2019,1.67
11/09/2019,1.68
12/09/2019,1.72
13/09/2019,1.79
16/09/2019,1.74
17/09/2019,1.72
18/09/2019,1.77
19/09/2019,1.74
20/09/2019,1.69
23/09/2019,1.68
24/09/2019,1.6
25/09/2019,1.68
26/09/2019,1.66
27/09/2019,1.63
30/09/2019,1.63
1/10/2019,1.56
2/10/2019,1.48
3/10/2019,1.39
4/10/2019,1.4
7/10/2019,1.46
8/10/2019,1.42
9/10/2019,1.47
10/10/2019,1.53
11/10/2019,1.63
14/10/2019,.
15/10/2019,1.61
16/10/2019,1.58
17/10/2019,1.6
18/10/2019,1.58
21/10/2019,1.62
22/10/2019,1.6
23/10/2019,1.58
24/10/2019,1.58
25/10/2019,1.63
28/10/2019,1.64
29/10/2019,1.64
30/10/2019,1.61
31/10/2019,1.52
1/11/2019,1.56
4/11/2019,1.6
5/11/2019,1.63
6/11/2019,1.61
7/11/2019,1.68
8/11/2019,1.68
11/11/2019,.
12/11/2019,1.66
13/11/2019,1.63
14/11/2019,1.58
15/11/2019,1.61
18/11/2019,1.6
19/11/2019,1.6
20/11/2019,1.56
21/11/2019,1.6
22/11/2019,1.61
25/11/2019,1.61
26/11/2019,1.58
27/11/2019,1.63
28/11/2019,.
29/11/2019,1.61
2/12/2019,1.61
3/12/2019,1.53
4/12/2019,1.58
5/12/2019,1.58
6/12/2019,1.61
9/12/2019,1.63
10/12/2019,1.65
11/12/2019,1.61
12/12/2019,1.66
13/12/2019,1.61
16/12/2019,1.65
17/12/2019,1.63
18/12/2019,1.63
19/12/2019,1.62
20/12/2019,1.63
23/12/2019,1.64
24/12/2019,1.62
25/12/2019,.
26/12/2019,1.64
27/12/2019,1.59
30/12/2019,1.58
31/12/2019,1.58
1/01/2020,.
2/01/2020,1.58
3/01/2020,1.53
6/01/2020,1.54
7/01/2020,1.54
8/01/2020,1.58
9/01/2020,1.58
10/01/2020,1.56
13/01/2020,1.58
14/01/2020,1.58
15/01/2020,1.56
16/01/2020,1.58
17/01/2020,1.58
20/01/2020,.
21/01/2020,1.53
22/01/2020,1.53
23/01/2020,1.51
24/01/2020,1.49
27/01/2020,1.44
28/01/2020,1.45
29/01/2020,1.42
30/01/2020,1.41
31/01/2020,1.33
3/02/2020,1.36
4/02/2020,1.41
5/02/2020,1.44
6/02/2020,1.44
7/02/2020,1.41
10/02/2020,1.37
11/02/2020,1.41
12/02/2020,1.44
13/02/2020,1.44
14/02/2020,1.42
17/02/2020,.
18/02/2020,1.41
19/02/2020,1.42
20/02/2020,1.39
21/02/2020,1.34
24/02/2020,1.26
25/02/2020,1.2
26/02/2020,1.16
27/02/2020,1.11
28/02/2020,0.86
2/03/2020,0.84
3/03/2020,0.71
4/03/2020,0.67
5/03/2020,0.59
6/03/2020,0.49
9/03/2020,0.38
10/03/2020,0.5
11/03/2020,0.5
12/03/2020,0.5
13/03/2020,0.49
16/03/2020,0.36
17/03/2020,0.47
18/03/2020,0.54
19/03/2020,0.44
20/03/2020,0.37
23/03/2020,0.28
24/03/2020,0.38
25/03/2020,0.34
26/03/2020,0.3
27/03/2020,0.25
30/03/2020,0.23
31/03/2020,0.23
1/04/2020,0.23
2/04/2020,0.23
3/04/2020,0.23
6/04/2020,0.27
7/04/2020,0.28
8/04/2020,0.27
9/04/2020,0.23
10/04/2020,.
13/04/2020,0.25
14/04/2020,0.23
15/04/2020,0.2
16/04/2020,0.2
17/04/2020,0.2
20/04/2020,0.2
21/04/2020,0.2
22/04/2020,0.22
23/04/2020,0.22
24/04/2020,0.22
27/04/2020,0.24
28/04/2020,0.2
29/04/2020,0.2
30/04/2020,0.2
1/05/2020,0.2
4/05/2020,0.19
5/05/2020,0.19
6/05/2020,0.17
7/05/2020,0.13
8/05/2020,0.16
11/05/2020,0.17
12/05/2020,0.17
13/05/2020,0.16
14/05/2020,0.16
15/05/2020,0.16
18/05/2020,0.18
19/05/2020,0.17
20/05/2020,0.16
21/05/2020,0.17
22/05/2020,0.17
25/05/2020,.
26/05/2020,0.18
27/05/2020,0.19
28/05/2020,0.17
29/05/2020,0.16
1/06/2020,0.14
2/06/2020,0.17
3/06/2020,0.19
4/06/2020,0.19
5/06/2020,0.22
8/06/2020,0.22
9/06/2020,0.2
10/06/2020,0.17
11/06/2020,0.19
12/06/2020,0.19
15/06/2020,0.19
16/06/2020,0.21
17/06/2020,0.19
18/06/2020,0.19
19/06/2020,0.19
22/06/2020,0.19
23/06/2020,0.18
24/06/2020,0.19
25/06/2020,0.17
26/06/2020,0.17
29/06/2020,0.16
30/06/2020,0.16
1/07/2020,0.17
2/07/2020,0.16
3/07/2020,.
6/07/2020,0.16
7/07/2020,0.16
8/07/2020,0.16
9/07/2020,0.16
10/07/2020,0.16
13/07/2020,0.16
14/07/2020,0.14
15/07/2020,0.16
16/07/2020,0.16
17/07/2020,0.14
20/07/2020,0.16
21/07/2020,0.14
22/07/2020,0.14
23/07/2020,0.16
24/07/2020,0.14
27/07/2020,0.15
28/07/2020,0.14
29/07/2020,0.12
30/07/2020,0.11
31/07/2020,0.11
3/08/2020,0.11
4/08/2020,0.11
5/08/2020,0.11
6/08/2020,0.11
7/08/2020,0.13
10/08/2020,0.14
11/08/2020,0.16
12/08/2020,0.16
13/08/2020,0.16
14/08/2020,0.14
17/08/2020,0.14
18/08/2020,0.14
19/08/2020,0.14
20/08/2020,0.13
21/08/2020,0.16
24/08/2020,0.14
25/08/2020,0.15
26/08/2020,0.16
27/08/2020,0.16
28/08/2020,0.14
31/08/2020,0.14
1/09/2020,0.13
2/09/2020,0.14
3/09/2020,0.13
4/09/2020,0.14
7/09/2020,.
8/09/2020,0.14
9/09/2020,0.14
10/09/2020,0.14
11/09/2020,0.13
14/09/2020,0.14
15/09/2020,0.14
16/09/2020,0.14
17/09/2020,0.13
18/09/2020,0.14
21/09/2020,0.14
22/09/2020,0.13
23/09/2020,0.14
24/09/2020,0.14
25/09/2020,0.12
28/09/2020,0.14
29/09/2020,0.11
30/09/2020,0.13
1/10/2020,0.14
2/10/2020,0.13
5/10/2020,0.14
6/10/2020,0.14
7/10/2020,0.16
8/10/2020,0.13
9/10/2020,0.16
12/10/2020,.
13/10/2020,0.16
14/10/2020,0.14
15/10/2020,0.14
16/10/2020,0.14
19/10/2020,0.16
20/10/2020,0.14
21/10/2020,0.14
22/10/2020,0.16
23/10/2020,0.18
26/10/2020,0.16
27/10/2020,0.16
28/10/2020,0.16
29/10/2020,0.16
30/10/2020,0.14
2/11/2020,0.16
3/11/2020,0.17
4/11/2020,0.14
5/11/2020,0.14
6/11/2020,0.16
9/11/2020,0.17
10/11/2020,0.19
11/11/2020,.
12/11/2020,0.17
13/11/2020,0.17
16/11/2020,0.19
17/11/2020,0.18
18/11/2020,0.16
19/11/2020,0.18
20/11/2020,0.16
23/11/2020,0.16
24/11/2020,0.16
25/11/2020,0.17
26/11/2020,.
27/11/2020,0.16
30/11/2020,0.16
1/12/2020,0.17
2/12/2020,0.16
3/12/2020,0.16
4/12/2020,0.16
7/12/2020,0.14
8/12/2020,0.14
9/12/2020,0.16
10/12/2020,0.14
11/12/2020,0.11
14/12/2020,0.13
15/12/2020,0.11
16/12/2020,0.13
17/12/2020,0.13
18/12/2020,0.13
21/12/2020,0.13
22/12/2020,0.13
23/12/2020,0.13
24/12/2020,0.13
25/12/2020,.
28/12/2020,0.13
29/12/2020,0.12
30/12/2020,0.12
31/12/2020,0.13
1/01/2021,.
4/01/2021,0.11
5/01/2021,0.13
6/01/2021,0.14
7/01/2021,0.14
8/01/2021,0.14
11/01/2021,0.14
12/01/2021,0.14
13/01/2021,0.14
14/01/2021,0.16
15/01/2021,0.13
18/01/2021,.
19/01/2021,0.14
20/01/2021,0.13
21/01/2021,0.13
22/01/2021,0.13
25/01/2021,0.13
26/01/2021,0.11
27/01/2021,0.12
28/01/2021,0.12
29/01/2021,0.11
1/02/2021,0.11
2/02/2021,0.11
3/02/2021,0.11
4/02/2021,0.11
5/02/2021,0.09
8/02/2021,0.11
9/02/2021,0.11
10/02/2021,0.11
11/02/2021,0.11
12/02/2021,0.11
15/02/2021,.
16/02/2021,0.13
17/02/2021,0.11
18/02/2021,0.11
19/02/2021,0.11
22/02/2021,0.11
23/02/2021,0.11
24/02/2021,0.12
25/02/2021,0.17
26/02/2021,0.14
1/03/2021,0.13
2/03/2021,0.13
3/03/2021,0.14
4/03/2021,0.14
5/03/2021,0.14
8/03/2021,0.17
9/03/2021,0.17
10/03/2021,0.16
11/03/2021,0.14
12/03/2021,0.14
15/03/2021,0.14
16/03/2021,0.15
17/03/2021,0.13
18/03/2021,0.16
19/03/2021,0.16
22/03/2021,0.15
23/03/2021,0.15
24/03/2021,0.14
25/03/2021,0.14
26/03/2021,0.14
29/03/2021,0.14
30/03/2021,0.16
31/03/2021,0.16
1/04/2021,0.17
2/04/2021,0.19
5/04/2021,0.17
6/04/2021,0.16
7/04/2021,0.16
8/04/2021,0.14
9/04/2021,0.16
12/04/2021,0.18
13/04/2021,0.16
14/04/2021,0.16
15/04/2021,0.16
16/04/2021,0.16
19/04/2021,0.16
20/04/2021,0.15
21/04/2021,0.15
22/04/2021,0.16
23/04/2021,0.16
26/04/2021,0.18
27/04/2021,0.17
28/04/2021,0.17
29/04/2021,0.16
30/04/2021,0.16
3/05/2021,0.16
4/05/2021,0.16
5/05/2021,0.16
6/05/2021,0.16
7/05/2021,0.14
10/05/2021,0.16
11/05/2021,0.16
12/05/2021,0.16
13/05/2021,0.16
14/05/2021,0.16
17/05/2021,0.16
18/05/2021,0.16
19/05/2021,0.16
20/05/2021,0.15
21/05/2021,0.17
24/05/2021,0.15
25/05/2021,0.15
26/05/2021,0.14
27/05/2021,0.14
28/05/2021,0.14
31/05/2021,.
1/06/2021,0.16
2/06/2021,0.13
3/06/2021,0.16
4/06/2021,0.14
7/06/2021,0.16
8/06/2021,0.14
9/06/2021,0.16
10/06/2021,0.14
11/06/2021,0.16
14/06/2021,0.16
15/06/2021,0.16
16/06/2021,0.21
17/06/2021,0.23
18/06/2021,0.26
21/06/2021,0.27
22/06/2021,0.25
23/06/2021,0.26
24/06/2021,0.26
25/06/2021,0.28
28/06/2021,0.25
29/06/2021,0.27
30/06/2021,0.25
1/07/2021,0.25
2/07/2021,0.24
5/07/2021,.
6/07/2021,0.22
7/07/2021,0.22
8/07/2021,0.19
9/07/2021,0.23
12/07/2021,0.23
13/07/2021,0.26
14/07/2021,0.23
15/07/2021,0.23
16/07/2021,0.25
19/07/2021,0.21
20/07/2021,0.2
21/07/2021,0.22
22/07/2021,0.2
23/07/2021,0.22
26/07/2021,0.22
27/07/2021,0.2
28/07/2021,0.2
29/07/2021,0.2
30/07/2021,0.19
2/08/2021,0.17
3/08/2021,0.17
4/08/2021,0.17
5/08/2021,0.21
6/08/2021,0.21
9/08/2021,0.23
10/08/2021,0.24
11/08/2021,0.23
12/08/2021,0.23
13/08/2021,0.23
16/08/2021,0.21
17/08/2021,0.23
18/08/2021,0.23
19/08/2021,0.22
20/08/2021,0.23
23/08/2021,0.23
24/08/2021,0.24
25/08/2021,0.23
26/08/2021,0.25
27/08/2021,0.22
30/08/2021,0.2
31/08/2021,0.2
1/09/2021,0.2
2/09/2021,0.2
3/09/2021,0.21
6/09/2021,.
7/09/2021,0.22
8/09/2021,0.22
9/09/2021,0.23
10/09/2021,0.23
13/09/2021,0.21
14/09/2021,0.21
15/09/2021,0.21
16/09/2021,0.23
17/09/2021,0.23
20/09/2021,0.23
21/09/2021,0.22
22/09/2021,0.25
23/09/2021,0.27
24/09/2021,0.29
27/09/2021,0.31
28/09/2021,0.31
29/09/2021,0.3
30/09/2021,0.28
1/10/2021,0.27
4/10/2021,0.27
5/10/2021,0.28
6/10/2021,0.3
7/10/2021,0.32
8/10/2021,0.32
11/10/2021,.
12/10/2021,0.35
13/10/2021,0.37
14/10/2021,0.36
15/10/2021,0.41
18/10/2021,0.44
19/10/2021,0.41
20/10/2021,0.4
21/10/2021,0.45
22/10/2021,0.48
25/10/2021,0.47
26/10/2021,0.47
27/10/2021,0.5
28/10/2021,0.5
29/10/2021,0.48
1/11/2021,0.5
2/11/2021,0.46
3/11/2021,0.47
4/11/2021,0.41
5/11/2021,0.39
8/11/2021,0.45
9/11/2021,0.41
10/11/2021,0.51
11/11/2021,.
12/11/2021,0.53
15/11/2021,0.53
16/11/2021,0.54
17/11/2021,0.52
18/11/2021,0.52
19/11/2021,0.52
22/11/2021,0.63
23/11/2021,0.6
24/11/2021,0.64
25/11/2021,.
26/11/2021,0.5
29/11/2021,0.51
30/11/2021,0.52
1/12/2021,0.56
2/12/2021,0.63
3/12/2021,0.6
6/12/2021,0.65
7/12/2021,0.7
8/12/2021,0.68
9/12/2021,0.7
10/12/2021,0.67
13/12/2021,0.66
14/12/2021,0.67
15/12/2021,0.69
16/12/2021,0.64
17/12/2021,0.66
20/12/2021,0.65
21/12/2021,0.7
22/12/2021,0.68
23/12/2021,0.71
24/12/2021,.
27/12/2021,0.76
28/12/2021,0.74
29/12/2021,0.75
30/12/2021,0.73
31/12/2021,0.73
3/01/2022,0.78
4/01/2022,0.77
5/01/2022,0.83
6/01/2022,0.88
7/01/2022,0.87
10/01/2022,0.92
11/01/2022,0.9
12/01/2022,0.92
13/01/2022,0.91
14/01/2022,0.99
17/01/2022,.
18/01/2022,1.06
19/01/2022,1.04
20/01/2022,1.08
21/01/2022,1.01
24/01/2022,0.99
25/01/2022,1.02
26/01/2022,1.13
27/01/2022,1.18
28/01/2022,1.15
31/01/2022,1.18
1/02/2022,1.18
2/02/2022,1.16
3/02/2022,1.19
4/02/2022,1.31
7/02/2022,1.3
8/02/2022,1.35
9/02/2022,1.36
10/02/2022,1.61
11/02/2022,1.5
14/02/2022,1.58
15/02/2022,1.58
16/02/2022,1.52
17/02/2022,1.49
18/02/2022,1.47
21/02/2022,.
22/02/2022,1.56
23/02/2022,1.58
24/02/2022,1.54
25/02/2022,1.55
28/02/2022,1.44
1/03/2022,1.31
2/03/2022,1.5
3/03/2022,1.53
4/03/2022,1.5
7/03/2022,1.55
8/03/2022,1.63
9/03/2022,1.68
10/03/2022,1.72
11/03/2022,1.75
14/03/2022,1.87
15/03/2022,1.85
16/03/2022,1.95
17/03/2022,1.94
18/03/2022,1.97
21/03/2022,2.14
22/03/2022,2.18
23/03/2022,2.13
24/03/2022,2.13
25/03/2022,2.3
28/03/2022,2.35
29/03/2022,2.35
30/03/2022,2.31
31/03/2022,2.28
1/04/2022,2.44
4/04/2022,2.43
5/04/2022,2.51
6/04/2022,2.5
7/04/2022,2.47
8/04/2022,2.53
11/04/2022,2.5
12/04/2022,2.39
13/04/2022,2.37
14/04/2022,2.47
15/04/2022,.
18/04/2022,2.46
19/04/2022,2.61
20/04/2022,2.6
21/04/2022,2.68
22/04/2022,2.72
25/04/2022,2.63
26/04/2022,2.54
27/04/2022,2.58
28/04/2022,2.63
29/04/2022,2.7
2/05/2022,2.73
3/05/2022,2.78
4/05/2022,2.66
5/05/2022,2.71
6/05/2022,2.72
9/05/2022,2.61
10/05/2022,2.62
11/05/2022,2.66
12/05/2022,2.56
13/05/2022,2.61
16/05/2022,2.58
17/05/2022,2.71
18/05/2022,2.68
19/05/2022,2.63
20/05/2022,2.6
23/05/2022,2.65
24/05/2022,2.5
25/05/2022,2.48
26/05/2022,2.46
27/05/2022,2.47
30/05/2022,.
31/05/2022,2.53
1/06/2022,2.66
2/06/2022,2.65
3/06/2022,2.66
6/06/2022,2.73
7/06/2022,2.75
8/06/2022,2.78
9/06/2022,2.83
10/06/2022,3.06
13/06/2022,3.4
14/06/2022,3.45
15/06/2022,3.2
16/06/2022,3.14
17/06/2022,3.17
20/06/2022,.
21/06/2022,3.21
22/06/2022,3.06
23/06/2022,3.01
24/06/2022,3.04
27/06/2022,3.08
28/06/2022,3.1
29/06/2022,3.06
30/06/2022,2.92
1/07/2022,2.84
4/07/2022,.
5/07/2022,2.82
6/07/2022,2.97
7/07/2022,3.03
8/07/2022,3.12
11/07/2022,3.07
12/07/2022,3.03
13/07/2022,3.13
14/07/2022,3.15
15/07/2022,3.13
18/07/2022,3.15
19/07/2022,3.23
20/07/2022,3.25
21/07/2022,3.1
22/07/2022,2.98
25/07/2022,3
26/07/2022,3.02
27/07/2022,2.96
28/07/2022,2.85
29/07/2022,2.89
1/08/2022,2.9
2/08/2022,3.06
3/08/2022,3.1
4/08/2022,3.03
5/08/2022,3.24
8/08/2022,3.21
9/08/2022,3.28
10/08/2022,3.23
11/08/2022,3.23
12/08/2022,3.25
15/08/2022,3.2
16/08/2022,3.25
17/08/2022,3.28
18/08/2022,3.22
19/08/2022,3.25
22/08/2022,3.32
23/08/2022,3.29
24/08/2022,3.36
25/08/2022,3.35
26/08/2022,3.37
29/08/2022,3.42
30/08/2022,3.46
31/08/2022,3.45
1/09/2022,3.51
2/09/2022,3.4
5/09/2022,.
6/09/2022,3.5
7/09/2022,3.45
8/09/2022,3.48
9/09/2022,3.56
12/09/2022,3.58
13/09/2022,3.75
14/09/2022,3.78
15/09/2022,3.87
16/09/2022,3.85
19/09/2022,3.95
20/09/2022,3.96
21/09/2022,4.02
22/09/2022,4.11
23/09/2022,4.2
